mean radius,mean texture,mean perimeter,mean area,mean smoothness,mean compactness,mean concavity,mean concave points,mean symmetry,mean fractal dimension,radius error,texture error,perimeter error,area error,smoothness error,compactness error,concavity error,concave points error,symmetry error,fractal dimension error,worst radius,worst texture,worst perimeter,worst area,worst smoothness,worst compactness,worst concavity,worst concave points,worst symmetry,worst fractal dimension,target
-0.7098207751673641,-0.25841699761280196,-0.6373961944248769,-0.711995812020737,1.6284304393802682,0.8472886644971156,0.166500732691203,0.19641954130009087,0.5427164158567794,1.3471505962735775,0.07888448814784366,1.0009759070319932,0.1486267613911283,-0.3024704175583533,2.510585408648133,0.3586124160820704,0.5215590568754537,1.083894759107555,-0.29885498494748913,0.485353093397265,-0.6000682344326509,-0.06586746783393652,-0.565661585221956,-0.6226134927293204,2.01922243161265,0.18620234895881696,0.18018746258949941,0.40093281143890974,-0.41407439111323247,0.44522333086529464,1
-0.8303313636015224,2.2311265982000617,-0.8749799402918338,-0.7790807971946186,-1.5975687589299303,-1.267717060883857,-1.0864713905421062,-1.2432317060724036,-2.658542865740025,-1.0526994942832655,-0.3376004946004448,4.9825829662289784,-0.4296650999226368,-0.4495424636078308,0.2021065601102543,-0.8825104847375375,-0.963340965525265,-1.8171767016751006,-0.09058754032270265,-0.699436374839135,-0.8973606240434349,1.9751534347733228,-0.94957443036016,-0.7793308021640589,-1.7476521391411233,-1.2293720360021538,-1.2589467532176817,-1.6927883636818992,-2.0957234488996255,-1.32341746005342,1
-1.0110972462527599,-0.22726989275008508,-1.0351721332143884,-0.9117796055868141,-1.0777786067725321,-1.0980963036318698,-0.8416504648946566,-0.9557671956786505,2.023789550597775,-0.6885465427213028,-0.9115688614504297,2.4820746368446005,-0.8777533170055135,-0.7323059807148617,1.233596680254538,-0.6452291157256963,-0.3668068504991348,-0.06644862295183582,-0.40184438064106454,0.23594183774355135,-1.0996846114174408,-0.3965444977912367,-1.1227057829166938,-0.909131692351249,-1.5150091180714833,-1.1656632858759364,-1.0788968792626463,-1.3642397442526308,-0.3541252930751441,-0.8866446525486793,1
-0.38272060656036244,-0.11158064611713708,-0.40896628815349395,-0.45365977262307045,0.07281027260618057,-0.44325510583382216,-0.7562763839488575,-0.7824087600676566,-0.16391606770639516,-0.12041317844230114,-0.7402026445904568,0.16070168999366824,-0.7264355683047515,-0.6114968000313623,-0.4532163377165362,-0.47658373838199153,-0.505688852191119,-0.24183659339458943,-0.18213366982810344,-0.5755907858248772,-0.5195515455797302,0.027481550192286958,-0.5751482346771087,-0.531239332652117,-0.10855624306603116,-0.44541398101389135,-0.6920561565955812,-0.4637622049527916,-0.2849532568773491,-0.6227939312882947,1
-0.8045076660799171,-1.4019607047154043,-0.8100708958868507,-0.7731961493723483,0.19131942706630864,-0.5078010577084722,-0.6853974707032086,-0.5303921685973456,-0.12822755843552777,-0.0013105213524859983,-0.874258748412562,-1.2348922128983362,-0.9440281449248396,-0.7308469326389739,-0.16812117974959404,-0.7571239851378686,-0.579619572919395,-0.4227399088198199,-0.43045254611150224,-0.34028416669778727,-0.8147794047071059,-1.5246436478369543,-0.8582654293543169,-0.7476331768659593,0.1563124716242614,-0.6472394108030533,-0.6830220435020019,-0.39899879572235986,-0.30186197683681,-0.21072427896131946,1
-1.826265298018103,1.3679068348619101,-1.8190736694899527,-1.3887303115818226,-1.1107811561158596,-1.0200407339229909,-1.0864713905421062,-1.2432317060724036,0.23222638520023273,1.3882204780286853,-0.06167919352970383,0.4875775942041815,-0.16515229114727367,-0.5566365923779859,1.8737409006895698,-0.838930377703323,-0.963340965525265,-1.8171767016751006,0.9312961302813306,1.0546987873378113,-1.4843066404763925,0.8074996160724262,-1.4837913778034368,-1.1186193500476285,-0.2939643433492362,-1.0563614416708422,-1.2589467532176817,-1.6927883636818992,0.1977138401472651,0.7963234938173599,1
-0.67538917847189,-1.034869825976242,-0.6403087797507413,-0.6613878407492124,-1.1100310981762378,-0.12258931585191263,-0.2602468316335534,-0.5604064649120849,-1.091817308748947,0.6667595551972789,-0.8655819779386394,-1.0273167799420555,-0.8378711196735297,-0.7346404576362819,0.00016415655033708172,0.7387337427932782,0.2390060189503823,0.5906653363889396,0.21952497337684138,1.037498011085831,-0.7879405084227992,-1.2999731298755348,-0.7699210063032089,-0.7187688588570753,-1.1018139231546271,0.13453017566942305,-0.04385854213126692,-0.13136918223587224,-0.5001551472704883,0.76531315008357,1
1.663090097095708,0.20433998891899074,1.6144483460864578,1.6571634012252894,0.5933504827031996,0.5226825693135564,0.6468067132639717,1.1969823331026495,-0.010455477841665494,-0.1135681981497838,0.5031785643226624,-0.5988692670785579,0.5163640809080964,0.6269432067820941,-0.6244714152452897,-0.12483766563655008,-0.049832626809886475,0.03913083814128644,-1.1570999490606193,-0.142819255325054,1.5408498768616758,-0.09276464251945825,1.5795070228244101,1.3569828939045119,0.4167667077363817,0.4482106629320965,0.631441411613785,0.6922202913109431,-0.5846987470677933,0.3747930586563469,0
0.1423612430456135,0.7427399444030949,0.19518712515442493,0.018583215114121827,-0.8295094287579601,0.5602092855197482,0.17755636907267353,-0.27656436959080066,-1.2524156004678504,-0.1696970365484322,-0.7224152651189154,-0.1661742142168446,-0.32233506886744495,-0.5449642077708845,-0.903957062002234,1.125815037458353,1.005550860185666,0.7135787388555596,-0.4922461835276479,0.20635650259014526,-0.1623877719501076,0.23000145370680591,-0.03915254046099034,-0.2588876694762664,-1.3092944163286897,0.3643193698269628,0.39519935421668667,-0.05891696643013801,-1.0320112478135341,-0.22018506179535713,1
-0.4687995982990467,-1.4486813620094792,-0.5354557080196151,-0.510446624107979,-1.6553232202807526,-1.176714774083842,-0.9983579685817872,-0.945934926196236,-0.684968303061059,-0.3531425083879162,-0.2790322939014667,0.531899750707302,-0.39036940549259386,-0.397308542491052,1.124706168531053,-0.8208344610232683,-0.7713006804270387,-0.5730724549136088,0.9164198842367033,0.34912294548158124,-0.6351652526505907,-1.4961642864052251,-0.7109259050039792,-0.6121656721003379,-1.6717231075965728,-1.1696146873627726,-1.1833312266244231,-1.2965191017240059,-0.9981938078946121,-0.7331697310187348,1
2.271381638715746,0.5692060744536724,2.3093079881141603,2.4457062094095106,0.7883655470046768,1.7310428311529338,1.9206617052178356,2.6405147394813606,0.06805924255424302,-0.17928000895795668,2.672805021327027,-0.9198355504219885,2.8078309187913413,2.684200993783712,-0.991069471381022,0.15249028821754232,0.10700825441123363,0.500844003817179,-0.6295653777857484,-0.0034929676840139336,2.3522103568411072,-0.0025799979856490633,2.602286417208042,2.3858276033009305,-0.12621415737871783,0.7983656254578713,0.8893653404354739,1.9032073269210719,-0.2895647259572016,0.07940639461583651,0
0.3460815234938339,1.3189613843633554,0.44525337956080213,0.24014020562259883,0.930876555532679,1.2488245279033685,0.980932612792854,1.0210364581541778,0.4320820371170898,0.36831841444349006,0.2042638214960262,-0.3434628402293265,0.4248696282053102,0.1542116301944882,-0.5769555555841327,0.2788404756877466,0.10700825441123363,-0.11057138281164818,-0.34348372308137165,-0.2886818379418465,0.8265223296024308,1.723585742126382,1.2474742918940718,0.6893848638830834,1.4056099092468064,2.1509607497978864,1.6026085691735588,1.2999317340896523,1.6872183529397828,0.7637363529445637,0
1.7462997891097696,0.0441548781964467,1.7517559400200764,1.763087062026155,1.3134061047394214,0.8585466793589734,1.5337144318663727,2.0143544198117995,-0.28882585015443113,-0.2983826660477718,0.17866734859795425,-0.3637771619599236,0.1374832062542504,0.4165484742390918,0.6947536328471112,0.09573978028600999,0.6966581322845286,1.1926258459049495,0.43809135757098544,0.06840627704926353,1.1898796946822783,-0.11807963045877312,1.149643219387811,1.0612564455926323,1.511557395122924,0.22510845590612535,1.1387068618182625,1.5202456148050483,0.15774777478853927,-0.18286752950554164,0
0.05628225130692874,-0.5609888734220507,-0.05820779819579745,-0.05350372070868946,-2.362627857343416,-1.4333975129341943,-0.9974120974691502,-1.0815167474800584,-1.059697650405167,-1.225192997654721,-1.1354295396776344,-0.8830850956548177,-1.1317677238361337,-0.8008812402815823,-1.1514354977374268,-1.1591959800112728,-0.8188917111792487,-1.248623424624377,-0.6089674986470334,-0.8342904606546602,-0.2800660095043763,-0.817406172282346,-0.3788931740736406,-0.34548062350291847,-2.056665639613131,-1.2572142187863213,-1.084317347118794,-1.1999654345379969,-0.7245799758233346,-1.210413665091303,1
-0.38272060656036244,-1.3285425289675719,-0.39149077619830613,-0.4315923432895568,-0.588740830139598,-0.44400564015794597,-0.5887220725674621,-0.5839521628831305,-0.7277945141861001,-0.17928000895795668,-0.2838045176621241,-0.9946291895210042,-0.2507817148306506,-0.38038358481075507,-0.1608618123013619,0.12411503425177615,-0.0243908808102772,-0.13263276274155422,-0.38582380797761967,0.20154028523959075,-0.4287122043097685,-1.4898355394203966,-0.4500430449872843,-0.4620003857719106,-0.5676620151958709,-0.22109595814581695,-0.4598794500905934,-0.44912390012673503,-0.5616414016685283,-0.08931089925783531,1
-0.17613102638751926,0.3289284083698576,-0.1372636856121226,-0.26947029578600973,0.4358383153827756,0.41948409974652867,0.2193221065137838,0.1640765495816218,-0.3031012538627785,0.2026698913645519,-0.7762112420572359,-1.120208632946512,-0.7205705392853421,-0.574728788518993,-0.5327394083994448,-0.15910212325558842,-0.050730570786343236,0.17149911772072302,-0.7909154310390171,-0.21299842243313333,-0.1520651195330667,0.032228110430908674,0.002351550905301724,-0.24666903179152413,1.268761073323489,1.0050543186154464,1.0131326898175101,1.6459280299782606,-0.18811240620043576,1.2020859575883103,0
0.2772183301028862,0.10867388112635987,0.35787581978486305,0.1612859248041768,0.6083516414956213,0.9786321712187872,1.0018154815134093,1.037596069914034,0.1786936212939316,0.017855423466562922,0.36825478345316476,-0.431368450627182,0.5468622318090252,0.26043033011911076,0.7485389462135599,0.6311219305834858,0.49342347894647404,1.0996528876289164,-0.6524519101620987,-0.09844125259494485,0.4053581109871536,-0.250983317140176,0.4826131795723987,0.2573055022777027,1.0083068372113677,0.9916803443523093,1.091277768076971,1.4344858491574444,-0.1466091844817591,-0.09929728113820895,0
0.25139463258128086,0.09310032869500219,0.15815568315414613,0.11597413657269551,-0.868512441618256,-0.9311024165143161,-0.8473011234896303,-0.7415272185355116,-1.0347156939155595,-1.3757825640901196,-0.9020244139291147,-0.24558474461826899,-0.872474790888045,-0.6295889961723695,-1.1045795805715637,-0.9304271871891615,-0.7158676056137727,-0.8036138751811277,-0.16496877054584075,-0.786472302674155,-0.05916124777969647,0.000584375506765225,-0.14587734683145656,-0.1728259605663422,-1.2254193233434305,-0.9557526807367872,-0.9088748708414841,-0.8419923437917061,-0.43559458015254665,-1.2288096317130428,1
-0.35402760931413435,-0.2984632752934378,-0.35404325058004704,-0.4251192306850595,0.26632522102841516,-0.1441671776704729,-0.6087450584583474,-0.6442394994463567,-0.31023895571695115,-0.37504644532397413,-0.5484460171167657,-0.1901820489893684,-0.5839153631331034,-0.5213276289415042,-0.5571572807253172,-0.46855300612752937,-0.3434603071112582,-0.5283193699129419,-0.36637025545772206,-0.32961968542155956,-0.4183895518927272,-0.15763429911395258,-0.4547863697148609,-0.4561566894879033,-0.14828655026957552,-0.2618257888562802,-0.477044264968394,-0.5208368076079211,-0.23115278427906413,-0.2653865797802039,1
-0.9852735487311545,-0.9325293385701724,-1.0072945308096841,-0.8861813875599381,-0.5902409460188406,-1.1281176765968233,-1.0864713905421062,-1.2432317060724036,0.43921973897126354,-0.40516435861105443,-0.26471562261949416,1.3426258634102133,-0.3628037691013699,-0.4737626616675661,0.571344386227162,-0.8133391109191036,-0.963340965525265,-1.8171767016751006,1.3695732252884358,-0.9646723446446706,-0.9758127824129474,-1.0468232504823867,-1.0085695316593897,-0.8347573760093394,-1.0885704874201125,-1.1505263786417494,-1.2589467532176817,-1.6927883636818992,-0.3372165731156824,-1.1872873070525443,1
0.7449141852164061,0.1909912296921116,0.6408126800117121,0.6085191592967203,-1.5615659778281197,-0.6008673138998277,-0.6382267554756016,-0.6463094509163387,0.14657396295015054,-1.295011796638406,-0.6274046284294621,-1.163607411189151,-0.5856748718389264,-0.4454571289953453,-1.4236617770461388,-0.5836601684414866,-0.5374162060259257,-0.982468633898581,-0.12262868564959312,-0.7245495081670262,0.6014885069109346,0.11766619472609614,0.5952671418523349,0.3617837085675284,-1.3843405521576055,0.21173448164298792,-0.14007184657788643,-0.40092099736618536,2.686369986907932,-0.4204382984491548,0
-0.5807022875593368,-1.3129689765362134,-0.5770640698176811,-0.6048952216554175,1.0658869846644703,-0.24492641068409804,-0.6220118221161117,-0.5192661794461922,-0.527938862269243,0.46141014642173606,-0.6100510874816166,-1.281615152878709,-0.6214515488573236,-0.574145169288638,0.11400423698852571,-0.7405271384786469,-0.42517320896882643,-0.5587325579591697,-0.12148435903077566,-0.5408452177958771,-0.5814874600819769,-1.5895133044314487,-0.601829436269725,-0.5840096809137578,0.8758724798662226,-0.5712509206715917,-0.5262801813284012,-0.5996470750047707,-0.2280784715591616,-0.1949563075712569,1
-0.44584520050206466,-0.6722285336460392,-0.4347634724682951,-0.5133889480191142,1.5009205896446878,0.1005070119938979,-0.35827347421592404,-0.39481034731352344,0.4927525028775646,0.46688613065575035,-0.5822854219650642,-0.1901820489893684,-0.7082539783445824,-0.5756042173645257,0.8976859501499697,-0.5188789282554921,-0.19260571906651675,0.012342019654971855,0.8386056741571127,-0.4562173986361342,-0.5567130942810781,-0.6987421663168076,-0.6092408811565628,-0.5802909650966623,1.1363267159783428,-0.4989098780664403,-0.4056747715291176,-0.44912390012673503,0.34681800706251176,-0.46511421738766634,1
-0.46019169912517843,-0.5543144938086111,-0.5204766977723112,-0.49779463129009777,-0.8010072270523593,-1.2159301925193122,-1.0315248777261983,-1.0770404774262223,-2.1053709720415807,-0.8186011682791464,-0.9558203908674352,-0.8917648513033456,-1.0126489844519293,-0.7448537941674958,-0.6775967861164444,-1.1965656541020366,-0.8849205249147051,-1.2829761448009454,-0.772606205137937,-0.8470190350811255,-0.6041972953994673,-0.9661317264258203,-0.6741651383652629,-0.5941033381315883,-0.9649650872313097,-1.2622598545310504,-1.1714061973408982,-1.2811414885734012,-1.5561815665568246,-1.1820313165891898,1
0.12514544469787647,-1.1928301434943056,0.08991796980531779,-0.0193727633395216,1.0583864052682594,-0.20120778630388456,-0.23948680331723685,0.43731014361924814,-0.5529208187588494,-0.20529093406952578,-0.3727414150198316,-0.8803149608733727,-0.3698418039246612,-0.36520948482152327,-0.2799814327019011,-0.6880596877494943,-0.47994779153269085,-0.027053301648431977,0.1588756625795136,-0.08364858501824181,-0.09632279648104441,-1.405979641871416,-0.12216072319357532,-0.22984626976180644,0.1077532072643737,-0.6648687405135524,-0.6387548893434634,-0.11214716579761629,-0.49708083455058666,-0.32215127678442995,1
-0.47166889802367,-0.8101657123237852,-0.3798404348948482,-0.511035088890206,2.400990117189965,1.2544535353342976,0.8519501883423662,0.8497479740131657,1.0066670363780548,1.8372511852178726,-0.2490974357664334,-0.5683977844826628,-0.32644058918103164,-0.32172985216007055,0.17438897530791275,0.43303053497341965,0.13574246165785112,-0.02547748879629589,0.1108139445891783,0.43891099751691814,-0.16445230243351577,-0.32692828095812065,-0.11326698932936949,-0.24454405132461235,2.067781695972538,1.6275520297723798,1.1599370275881735,0.8814832223953101,1.6226577858218412,2.1113723077486,0
-1.2449451738095194,1.970825793275928,-1.2490391128564478,-1.0588958011435718,-1.1962877612326612,-1.0673243963427925,-0.8971743276104857,-0.9733617831734978,-0.6564174956443652,-0.43665126795663683,-0.9276208868271865,0.9030978114209357,-0.8976944156715053,-0.7859989499075279,-0.12984451502255095,-0.6778874268938423,-0.5293347102378145,-0.8553005367311934,-0.565483087131968,-0.5291486899445305,-1.1554269344694628,1.756811663796733,-1.161838211919198,-0.9381730920657092,-0.9384782157622803,-0.8891867633816268,-0.9341703875035061,-0.9732935022314855,-0.9351703971366213,-0.6369851055393517,1
-0.39419780545885347,-0.37188145104126985,-0.44599773015377275,-0.43983085024073526,-1.2622928599193142,-1.0868382887700123,-0.9142491437996453,-0.7684365876452779,-1.2345713458324166,-0.995201659826113,-0.41872829853162175,-0.5805863775210207,-0.38978290259065296,-0.4369946501551968,0.11730394946499481,-0.7292841133224,-0.8022198846830343,-0.9310971349189423,-0.14665954464476058,-0.9034375811876207,-0.5050998321958725,-0.7683583831499231,-0.5440201661523891,-0.5186665315562229,-1.1238863160454846,-0.9794610896578032,-1.102250061609549,-1.1587120300282012,-1.1749667892889772,-1.2603455744931686,1
-1.3169645968975525,-1.5354482969841905,-1.304794317665856,-1.1089153076328695,0.49584295055246147,-0.7172001341390225,-0.7233551556129235,-0.7060792996120695,0.03593958421046194,0.8680019757973106,-0.49725307132062196,-0.4084686697672365,-0.5070834829788405,-0.6570190999990578,0.8660087103758648,-0.5911555185456513,-0.36920136776968626,0.42205336121037135,-0.04710312880763757,-0.28833782241680683,-1.2462662757394243,-1.6069173586397276,-1.2478109726065179,-1.0001516890173008,0.006220199966428458,-0.8654783544606107,-0.8584193492138438,-0.7720537762894362,-0.7368772267029425,-0.3415984414988413,1
-0.3798513068357397,2.24447535742694,-0.4306026362884887,-0.42041151242724334,-0.9772708428633098,-1.1408767601069285,-0.8411591032777023,-0.8553745493845228,-0.9490632716654773,-0.8678850263852765,-0.6551702939460146,0.3121357247126632,-0.7604527366173258,-0.5677253577547322,0.6116008784400869,-0.6976965664548489,-0.5658510986137242,-0.3508828427624111,-0.19586558925391334,-0.7156051045159963,-0.4947771797788316,1.6112504831456722,-0.5668474164038502,-0.5046770768157206,-0.39108287206900977,-0.916542619828953,-0.8680858502239737,-0.7319832650989179,-0.8029749501808354,-1.0190956122252075,1
-0.15891522803978272,-1.1082880017240744,-0.17637554570230518,-0.2485797960169504,0.15006624038715047,-0.41004396199134224,-0.26786293669634403,-0.006176958824399355,0.2857591491065338,-0.6912845348383099,-0.529357122074136,-0.7560282470125392,-0.41969455058964095,-0.4276567424695157,0.48852160306778436,-0.5761648183373219,-0.24887687492447585,0.2550171988839392,-0.10088647989206019,-0.5181401931432631,-0.23877539983621202,-1.0373301300051432,-0.22295637365457072,-0.29837688981970895,0.5182997150343269,-0.485535903803303,-0.17937023853495643,0.21166988035454273,0.07320417499123426,-0.6117563513152507,1
-0.6323496826025475,-0.2205955131366455,-0.598284334334695,-0.6431454325001745,-0.1619578624952122,0.22997418290525987,-0.2713024680150237,-0.4302582662369656,0.5784049251276469,0.058925305221672636,-0.4148237518183565,0.67410000282148,-0.4026859664333535,-0.48893676165679784,0.6238098146030226,0.8864992162753814,0.8163839958121011,0.9956492393879308,0.8294510612065727,0.3332982313297594,-0.6227780697501413,0.20310427902128417,-0.6231743975438181,-0.6171239598564652,0.3637929647983241,0.28833087969550114,0.008539313811492968,-0.010122617009949706,0.7188098461706535,-0.03044380606826761,1
1.143746846938977,0.5558573152267942,1.0693788065317928,1.09812185810961,-1.6560732782203735,-0.3137879349224602,0.2684582682092076,0.2517907431221098,-0.12465870750844142,-1.274476855760851,1.0597933902248018,0.1976368204129353,0.9022829903852339,1.1130980256678666,-0.47895409503299624,1.4775611102037947,0.8654715998584058,0.4582970568095027,0.0822057791187406,0.4230862833650963,0.7212312749486118,-0.17662054006843886,0.6486295450375678,0.6167813645969334,-1.9440964358697566,-0.3700333988034815,-0.11387291860650649,-0.3352704181462956,-0.8613868918589733,-0.9802012827963857,0
0.8740326728244326,-0.6544301880102015,1.0111271000145001,0.7706412068002674,1.7109368127385856,2.335222962072623,1.65164121993539,2.3817708057336078,4.407781969891716,1.5634519735171488,2.837663660331558,-0.4099460749840072,2.6406775917381737,2.1355989172499474,0.345644052836666,0.6760940312084737,0.1537013411869869,1.960046704895256,0.2744526510800819,1.2514756676604655,1.2352993653172588,-0.6987421663168076,1.3393762084908618,1.0293817385889568,0.9818199657423389,0.8372717324051793,0.4814751342603687,2.0776840915144725,1.7471674509778718,1.1390140720280586,0
-0.8073769658045399,-1.3240929425586119,-0.77803245730234,-0.7826115858879807,1.545924066021952,0.19620013831968727,-0.5171061168963818,-0.0022957998181829574,-0.12108985658135409,-0.2723717409362027,-0.23217773334228436,0.2678135682095427,-0.541100651291415,-0.3468254790653386,1.415080866460346,0.5149440039689333,-0.30873980668826206,1.2792955527724381,-0.5586171274190629,-0.12527446354803404,-0.8973606240434349,-1.5895133044314487,-0.9098490857667086,-0.7892473776763136,0.19604277882780455,-0.45574841567177016,-0.8673631211764874,-0.4195515671448027,-1.27180763996589,-0.8614158983245791,1
-0.31385741316941473,1.2878142795006384,-0.37817610042292527,-0.38422092832028076,-0.9075154544785508,-0.9834521856219538,-0.938325863030403,-0.7873248948088638,-0.49225035299837555,-1.1252562853839576,-0.5631965269224343,0.06282359438261075,-0.654882214267957,-0.4968156212665913,-0.3060491612660081,-0.8773708160946817,-0.7933003078502302,-0.8187416785616348,-0.9762963432874532,-0.7885363958243926,-0.3977442470586451,0.9593895437083149,-0.4790959089436891,-0.4448234603310409,-0.46171452931975393,-0.8989132901184539,-1.0573956900999277,-0.8172994457517926,-0.9582277425358863,-1.1205362281679452,1
-1.1258692352376727,-0.992598755091126,-1.1296231144959983,-0.9971069990097337,1.3209066841356323,-0.4228030455014475,-0.9533123923475073,-0.9094520315378029,3.3478332445469547,0.943296759015009,0.5374518076946571,0.4487957072639513,0.3157800884442955,-0.10491530808316253,0.17570886029850033,-0.7694377745947106,-0.7339162795405542,-0.5261132319199513,2.4200650613629073,0.7385485198264142,-1.0831683675501749,-1.3237059310686428,-1.1075864353475444,-0.9050588131230017,-0.21008925036397638,-0.963594692918354,-1.1610169672832822,-1.3114531298798817,0.9647548637628135,-0.21177547705399064,1
0.1710542402918416,-1.1928301434943056,0.27133042724488576,0.015640891202986673,0.5483470063259355,1.5096352055364022,0.6947144709170098,0.3868550765384366,1.0030981854509684,1.5538690011076233,0.6693387188982816,0.5780686637313855,1.1855638920227067,0.32783835122512134,0.9880980720052268,1.4497212383883258,0.616441803721055,0.6726076047000197,0.6692453345721219,0.5634446175812553,0.03993621542389829,-1.182891310656204,0.2039428518272929,-0.12483681835525273,-0.04675354297162907,0.646388645194948,0.19509374919390535,-0.05448111648284824,-0.15736927900141576,0.4126361899924976,1
-0.47166889802367,-0.6522053948057213,-0.36819009359138966,-0.5122120184546601,-0.04869911361243163,0.8998260671857846,0.8101844509012561,0.010641396869204674,0.9888227817426211,1.4429803203688296,0.0007935538825395245,0.016654681358527122,1.3081429985283626,-0.2341869676068102,0.08331691095736174,2.642017287100804,2.3710243337176307,2.4706100689873693,1.3318104468674583,2.0024615588219237,-0.5133579541295056,-0.7572830759264728,-0.2786904392035921,-0.5296455973019332,-0.6515371081811306,0.9053574195629691,0.9526041320905287,0.29151517940576027,0.4636418904187876,1.0076143104442024,1
-0.244994219778467,0.17541767726075314,-0.2009244791631637,-0.31743017553751296,-0.9712703793463415,0.35944135381662184,0.1542166922673472,-0.510210141765021,-0.7277945141861001,0.22046684012509962,-0.48120104594386487,-0.7100440096405517,0.34921075385492917,-0.42036150209007733,-0.6772668148687974,2.206216216758659,1.3362935581805848,0.33853528004715516,-0.6204107648352085,1.4885023644127533,-0.17064589388374066,-0.050045600371864514,0.23062405341990957,-0.2588876694762664,-0.5367606651486704,1.8688914744299012,1.70243551885761,0.31369442914220913,-0.12970046452229828,2.1376522600653716,1
-1.2988880086324286,-0.7634450550297098,-1.3102034046996047,-1.092144061339399,-0.8362599502145491,-1.1684588965184797,-0.8835390427400055,-0.8119055685149004,-0.9062370605404372,0.1807659544284949,-0.7666667945359209,-0.6793878513925602,-0.9141164969258516,-0.7463128422433833,1.5371702280897075,-0.8010253214622617,-0.6083537801660124,-0.3007719940644817,0.36027714749139494,-0.09156094209415273,-1.1884594222039941,-1.0531519974672152,-1.2297270470826334,-0.9629645308463458,0.8008263440373061,-0.9849322609472683,-0.9354803339020752,-0.6249314197043226,-0.26497022419798577,-0.1287308277329924,1
-0.18473892556138805,-0.2317194791590445,-0.21215873684864195,-0.2815338238216639,0.48084179176003977,-0.4032891530742277,-0.5983036240980698,-0.5239235702536519,-0.5957470298838905,-0.7679483141145131,-0.42046365262640634,0.3232162638384433,-0.39564793161006223,-0.3792163463500449,-0.3621442733659852,-0.5595679716781002,-0.40302392421622546,-0.34127038436438084,-0.21074183529854112,-0.6842996917373924,-0.2408399303196202,0.01957061646125152,-0.2855089684994827,-0.31927253107767417,0.0724373786390016,-0.4989098780664403,-0.6351412441060317,-0.5230547325815659,-0.38640557663411496,-0.9565493257112911,1
-0.3482890098648883,2.1310109039984724,-0.3827530202207125,-0.40158063939597843,-1.092029707625333,-0.8425393662677033,-0.3254750862842286,-0.6369946693014197,-0.852704296634136,-0.7706863062315202,-0.7822849813889817,0.29920842906591993,-0.7457901640688024,-0.6240446134839964,0.47202304068543766,-0.2051449881811713,0.20338757455092957,-0.6164073083473528,-0.42701956625504983,-0.3457884150984209,-0.4906481188120149,1.570113627744286,-0.5449095395388097,-0.5029062597599608,-0.4219842221162102,-0.578545815724212,-0.15723666145568707,-0.732722573423466,-0.8567754227791204,-0.6206915351029532,1
3.1924268503196704,1.2388688290020837,3.320391179807166,3.6108664782190316,0.7883655470046768,3.0651175922830545,3.0151697069834027,3.5305938715736285,0.08590349718967671,0.6996154606013664,2.192545775595407,0.5097386724557418,2.702846899343913,2.386555186302627,0.3908501137642945,1.6901078238718925,0.7517320295072117,1.3817233881612876,-1.147945336110079,0.7179075883240379,2.835310489958631,1.2346900375483636,3.0973709356488146,2.979051316980449,1.1054253659311417,2.130291880482129,1.6662990664832926,2.5464055692781002,-0.8829070808982875,1.0969661483212247,0
0.14809984249485905,-0.812390505528265,0.04082010288360015,0.0415333416209759,-1.4708089671339706,-1.2757853048681882,-0.9087213256089102,-0.7575693424278723,-0.6171601354464106,-1.390841520733659,-0.3293575626502182,-0.5290618705861434,-0.4806908523914984,-0.27183040796471225,-0.6436097476088113,-1.0354691650775263,-0.8039559097041841,-0.8206326539841982,-0.6570292166373687,-1.0015508089289162,0.03993621542389829,-0.6433656301995563,-0.10437325546516407,-0.06887899939324459,-1.3755115950012629,-1.1325323041786193,-1.044567249507045,-0.833268505562036,-0.6139047179068625,-1.4337932597838599,1
-0.8102462655291626,-1.419759050351242,-0.7713751194146495,-0.7781981000212781,2.093466361945329,0.1492917430619474,-0.11603219705748427,0.1927971262276223,0.7604163224090702,0.8803229403238423,-0.5887929998205063,-0.3918478610785663,-0.5657337731729345,-0.6470975730830216,-0.11433586638314548,-0.4064486766930221,-0.3344808673466902,0.017069458211380117,0.04558732731658068,-0.029294132061984307,-0.7074238195698784,-0.8363924132368318,-0.6608245375689545,-0.7146959796288278,1.268761073323489,-0.08674830759339289,-0.24396414715404827,0.25602837982744125,0.6358034027332993,0.41631538331684564,1
-0.5548785900377315,-0.2917888956799982,-0.5579242233905704,-0.5751777501529524,-0.3689738538306259,-0.4646453340713513,-0.728268771782466,-0.8481297192395857,-1.216727091196983,0.017855423466562922,-0.7484455765406833,-0.014740179497850083,-0.6425656533271974,-0.6406777615491158,-0.6832062973264422,-0.4658760953760419,-0.545198387155218,-1.0038996886876326,-0.7028022813900688,-0.6701950552107685,-0.6041972953994673,0.3249326584792368,-0.5452059973342834,-0.5884367235531572,-0.5058593151014694,-0.17793449575114684,-0.527183592637759,-0.8514554903459244,-0.8045121065407863,-0.3647247995375999,1
0.911333569244529,1.3523332824305525,0.8613369975414626,0.8180126217695431,-0.9360176561841517,0.1455390714413281,0.3925270764901529,0.24092349790470427,-1.2060205384157228,-1.1827541198411091,0.5122891733202811,0.8883237592532289,0.2987715042880083,0.5884243375786596,0.37204175264842,0.9486035457098887,0.5158720783578938,0.9278892867460763,-0.5425965547556181,-0.02310185261127134,0.849232164919921,1.5258123988504848,0.7583189293627695,0.7159471197194798,0.5006418007216414,0.9424398027471224,1.0158429237455842,0.8785259890971168,-0.6600194087053924,-0.25172100457548297,0
0.8912484711721692,1.1521018940273726,0.9362320487779814,0.8197780161162243,0.8483701821743616,1.4983771906745444,0.9919882491743243,0.8122301036197415,0.4356508880441772,0.29576162334279793,0.862396861943061,-0.28990690112138945,0.5462757289070843,0.9120412008105453,-0.3832624332153885,1.6488833982989868,0.3093449637728313,-0.04123561731765731,-0.6192664382163909,0.8575778914901175,1.4562041270419388,1.2663337724725077,1.3156595848529802,1.4189614908561032,1.1583991088692005,2.931514520428259,1.7069525754043995,1.1151046529525757,0.5896887119347693,2.6106914017672564,0
0.09358314772702561,0.09532512189948153,0.11571515412011893,-0.024374713988451497,0.12981467601738125,0.205581817371235,0.06675432444949264,0.26757412308072265,0.2643460435440138,0.16296900566794717,-0.44432477142969373,1.205965880858925,-0.23318662777242255,-0.33165137907610676,0.3377247428931399,0.19210856733955559,0.030683016412406217,0.42678079976677963,-0.693647668439529,0.2221812167419671,0.013097319139590873,0.7980064955951828,0.06757226590947546,-0.09437876499618504,0.4785694078307838,0.2761727212744673,0.18380110782693124,0.6212466921543055,-0.32491932223607495,0.488848051711135,0
-0.09865993382270327,0.9852424036913898,-0.13143851496039333,-0.1788467193230471,-1.1520343427950177,-0.6580955561142703,-0.5094900118335911,-0.636735925367672,-0.1139521547271804,-1.1526362065540299,0.18560876497709233,-0.26035879678597584,0.03249918680682258,0.050035597576108364,-0.8679901960087194,0.07004143707173109,0.04564874935335259,-0.2303331595739955,0.6063073705371588,-0.24739997493709392,-0.25942070467029416,0.0828580863095384,-0.2733541988850686,-0.30758513850965974,-1.7030659055015909,-0.6867534256714133,-0.6450787685089688,-0.7899450377435051,-0.40946292203338,-1.1047682567778818,1
-0.167523127213651,-0.10045668009473807,-0.1497461941515429,-0.27270685208825846,0.7583632294198334,0.21683983223309258,-0.03250072217526366,0.14906940142425204,0.0038199258666818674,-0.26278876852667826,-0.773608210915059,0.24749924647894603,-0.7393386321474521,-0.5522594481503229,-0.5079915648259257,-0.3100798896394765,0.02559466721248428,0.33695946719501907,-0.8618636814057024,-0.4617216470367679,-0.30277584482186665,0.21892614648335562,-0.2932168711817943,-0.3621263038270602,0.46532597209626936,-0.00103329072510426,0.29401728756859846,0.45564162745548464,-0.40485145295352665,-0.38732555853002326,1
-0.17900032611214203,-1.1750317978584672,-0.18220071635403445,-0.3074262742396535,0.8483701821743616,0.2318505187155695,-0.3757168116177995,0.11931384904326056,-0.09253904916466035,0.5038490242353488,-1.0113517219005403,-1.1536349259759486,-0.9803913248451777,-0.7404766499398326,-0.8353230424916739,-0.5804478755397018,-0.5640552106608107,-0.4318796233622094,-0.4235865863985975,-0.35060463244897544,-0.2965822533716421,-1.1860556841486183,-0.36407028429996474,-0.3886885596634565,0.3108192218602654,-0.04419475311977439,-0.4241947033709552,0.28116486286208386,0.45749326497898346,0.4746568774600781,1
1.9586279687318588,1.2789151066827196,2.1345528685622837,2.048492481406265,1.0583864052682594,2.260169529660239,2.8124830399897798,2.570653877369467,1.227935793857433,0.8324080782762171,2.4741069774741975,-0.31760824893583955,3.509874892414644,2.351538032481323,-0.1922090808278195,0.9496743100104835,1.384782532909252,2.317756222330162,-0.012773330243112172,0.8279925563367115,1.6564635839325361,0.5685894173951421,2.1309185224051506,1.6633342445509498,0.37262192195466626,0.9813459096944307,1.7218588620088058,2.0658551583216993,-0.0005793302864140923,0.7621595558055573,0
0.9170721686937746,0.6203763181567072,0.9445537211375947,0.8739167760811111,-0.4349789525172801,0.45325814433210126,0.10471200935920755,0.6991590045719737,1.081612905846876,-1.1047213445064028,1.9213966982853232,0.8033729592889146,1.9779293125449142,1.538556444596712,-0.08727822407609787,1.8442978831575654,0.4248804220769387,1.5692451175654898,0.7768120367409675,0.6989867344468598,0.8512966954033296,0.2252548934681842,0.9095124050542628,0.7354261073328371,-0.8325307298861634,0.1795153618272484,-0.2209271587654211,0.5665378761377305,0.21154824738682343,-0.49349656588977936,0
-1.2518314931486145,-0.8902582676850568,-1.161661553080509,-1.0315321887700148,0.8558707615705724,1.0649436184930283,3.9598124155779275,0.7897193813836871,2.651907313765042,4.141271551679462,1.8767113303446215,2.70737893240213,0.7621087968213497,0.33951073583222263,1.316089492166269,3.7743505349799644,10.88951952370442,6.501539344751644,1.6911290051761552,8.95604736644746,-1.0831683675501749,-1.0009398348423786,-1.0726044154816692,-0.8839860901594606,-0.13504311453505993,0.12176410932733757,2.452266905624691,0.6301183920488851,0.2745716581448151,2.190212164698915,1
0.888379171447547,0.607027558929829,0.8280503081030093,0.8165414598139755,0.11031316958723385,-0.24755328081853148,0.026585512263483504,0.44558994949917624,0.2215198324189727,-0.9459178017199829,0.12313601756484924,-0.8489201000169958,0.02663415778741306,0.21023907630857486,-0.8211342788428563,-0.7121518845128808,-0.3503445442640935,-0.26106151019065055,-1.0575435332234961,-0.7675514487969768,1.0969758229289077,0.5559319234254844,0.9865914318773769,0.9851113121949628,1.0392081872585688,-0.0028570144882594734,0.49773653782881166,1.2407870681257878,0.4405845450195226,-0.4482950479049326,0
-0.8418085625000135,0.46019120743416403,-0.8633295989883752,-0.795852043488089,0.4508394741751974,-0.8136437947889357,-0.9764678085464757,-0.964823233359822,-0.6778306012068853,-0.17380402472394244,-0.45733992714057775,0.8864770027322654,-0.47247981176432524,-0.5610137366056489,-0.024253715775535367,-0.8523149314607599,-0.7546587853967062,-0.8466335660444446,0.7161627259436394,-0.6007039191527682,-0.8065212827734731,0.4910622668309906,-0.8289161076024385,-0.7467477683380794,-0.17918790031677534,-0.8897946713026784,-1.0971457877116766,-1.056096034580896,0.07166701863128258,-0.6832378216168689,1
-0.06996693657647518,-0.9258549589567332,-0.11271475215126407,-0.18649676149199856,-0.04719899773319008,-0.4927903712259952,-0.536269219957597,-0.28303296793449445,1.0887506077010496,-0.5721818777484957,-0.6248015972872852,-0.5142878184184365,-0.5534172122321747,-0.5487577327681925,-0.9062668607357625,-0.5327988641632264,-0.5272395076260821,-0.17360389689709416,-0.6181221115975735,-0.7613591693462638,-0.26561429612051873,-0.6449478169457636,-0.26238526045254834,-0.371334552517011,-0.6073923223994152,-0.515323391934836,-0.6012633200051093,-0.2152067462396503,0.03938673507231174,-0.7941392203936442,1
0.28869552900137724,0.5959035929074299,0.2313863999187426,0.18247065696434972,-0.3922256499588793,-0.6066839549117876,-0.4411907470769519,-0.380579430957397,-0.674261750279799,-0.8035422116356067,-0.3532186814535056,-0.6723701766128994,-0.39682093741394425,-0.24235763683178121,-0.761079511771116,-0.8063791429652365,-0.48353956743851806,-0.3639620894351414,-1.1136155375455539,-0.7489746104448382,0.3785192147028469,0.9293279955303788,0.31066765819775916,0.26615958755650154,0.29316130754757874,-0.3128900542246225,-0.03392101772832979,0.5694951094359239,-0.39101704571396745,-0.28903853686529846,0
0.357558722392325,-1.130535933768872,0.44941421574060847,0.1577551361108145,0.8633713409667833,2.0706596128189703,1.4649238054927793,1.2810741115706687,2.555548338733699,1.0418644752272692,0.20339614444863402,-0.901922012168644,0.35800829738404305,0.19535678593452047,-0.06352029424551935,1.494693339013314,0.9660413252215668,1.7315538413355134,1.8353141591471616,0.20222831628967006,0.372325623252622,-1.065809491436873,0.5300464268481612,0.1792124701186974,0.297575786125751,2.056127114113823,1.5890573995331898,1.845541277606304,2.670998423308422,0.800528286188044,0
1.904111273964025,2.6204654089840216,1.830811827436401,2.2603398030079958,-0.08245172089537998,0.20933448899185428,0.5927569353990052,0.9938683451106636,-0.12822755843552777,-0.8172321722206433,3.384300200188686,0.7738248549535011,2.918093464356238,4.712277819267577,-0.8019959464793345,-0.5665279396319673,-0.32190965167629504,-0.35482237489275165,-0.8023586972271921,-0.5184842086683028,3.349378580327279,3.3769708919128822,3.165556228607724,4.519662155491438,0.3461350504856375,0.04395189543272108,0.2958241101873144,0.7602366571693874,-0.09434586824342493,-0.10770686587957544,0
-0.13596083024280015,0.8651035706494824,-0.18760980338778285,-0.22827776103011757,-0.2497146414308771,-0.6693535709761279,-0.7211440283366294,-0.6111202759266444,-0.5029569057796356,-0.6433696727906838,-0.19920600554137824,0.25488627256279944,-0.4150025273741134,-0.20354695801316916,-0.36742381332833607,-0.23405562429723492,-0.35842604005220474,-0.38885993249889267,0.021556468321412826,-0.4207837995570549,-0.18922666823441464,0.5179594415165123,-0.28580542629495637,-0.2654396925825776,-0.4705434864760973,-0.6411603315925364,-0.785107521459448,-0.6320287796199866,-0.4417432055923508,-0.772589659493892,1
-0.3195960126186602,0.0018838073113315668,-0.2987041293886193,-0.4024633365693189,5.465246293740914e-05,0.17556044440628168,-0.21344463761866223,-0.479937101516534,-0.1567783658522215,0.36831841444349006,-0.5358646999295777,-1.1663775459705958,-0.1809878694996791,-0.5125733404861782,-0.4139497592465522,0.3848461414466469,0.3515483306663005,-0.2711467124443219,0.7813893432162374,0.2634630797467195,-0.3812280031913793,-0.6117218952754128,-0.2374828056327733,-0.4345527214076344,-0.15270102884774658,0.41416781935320146,0.2944689932232774,-0.23516807100245468,1.024703961800902,0.3905610300464102,1
-0.9881428484557772,1.3078374183409565,-0.9856581826746894,-0.8938314297288896,0.05855917175338067,-0.5779760170140508,-0.7942340688585726,-0.8253602530697833,0.3285853602315749,0.07946024609922654,-0.6169925038607548,0.5448270463540457,-0.748722678578507,-0.6295889961723695,0.0684682048132502,-0.803702232213749,-0.6397818193420002,-0.8330815755160738,0.10280365825745567,-0.40839924065562916,-0.8292311180909635,1.4830933567028906,-0.8668627054230487,-0.7508206475663269,0.7787539511464484,-0.7135013741976877,-0.7507778917038466,-0.7855091877962154,0.7372557224900651,-0.14502439816939092,1
-0.6380882820517936,0.48911351909240086,-0.6186724316157471,-0.6437338972824015,-2.2246171964531407,0.06110395997739637,-0.0083011625402674,-0.6258686801502663,-1.6271449478119582,0.46688613065575035,-0.5896606768678984,0.65747919413281,-0.4801043494895574,-0.5245375347084571,-0.04207216314846932,1.8881992194819586,1.0309926061852748,0.6300606576923434,0.327091675545687,1.7609626602441208,-0.7177464719869197,0.3739804476116591,-0.702921544526194,-0.6596235691946994,-1.663777046155864,0.5029223758267486,0.19464204353922618,-0.39899879572235986,-0.9597648988958372,0.8036818804660559,1
1.861071778094682,0.6226011113611875,1.7892034656383349,1.880780018471561,-0.3667236800117636,0.5939833301053209,0.9281112389702735,1.2306190444898573,-0.14250296214387512,-1.7070796102479948,2.031157844780445,0.5208192115815219,2.4958113749587625,2.144353205705274,0.37699132136312363,0.5754421869525483,0.6795971967318495,2.5399458344813595,1.2677281562136775,-0.4957791840156888,1.4396878831746727,0.3201860982406151,1.5142863078202367,1.3746910644621093,-0.6382936724466156,0.21173448164298792,0.4850887794978005,1.1461556025836044,-0.031322457485434094,-1.344441421906837,0
-0.015450241808641749,-0.7478715025983513,-0.07984414633079163,-0.1164694524069817,-0.8407602978522759,-0.8292173820145052,-0.6523534019630359,-0.48148956511902047,-0.32451435942529855,-0.510577055115833,-0.01178776330464841,-0.2806731185165725,-0.076003850052251,-0.1597755157365389,0.3281555767113793,-0.6645028731364054,-0.48204299414442336,-0.39169639563273756,-0.07227831442162289,-0.3358119648722724,-0.12522622324875965,-0.6702628048850785,-0.17848770433354322,-0.22966918805623043,-0.5632475366176998,-0.8022559306712348,-0.7543915369412784,-0.590775375110191,-0.31415922771641747,-0.6248963274736364,1
1.077752953272653,-1.3596896338302884,0.9528753934972075,1.0042617253443986,-1.3057962204173357,-0.7687993689225363,-0.5404457937017081,-0.16219955087429408,-2.0875267174061474,-1.4072694734357027,0.39688812601710954,-0.2806731185165725,0.2283911560550957,0.3716097935017515,-0.8620507135510749,-0.914847566615505,-0.6182311639070373,-0.6452446835414444,-0.87673992745033,-0.8590595784575118,0.7336184578490609,-1.1702338166865462,0.5893379859428645,0.5849066575932578,-1.4849906637399168,-0.9569077057867853,-0.7855592271141268,-0.45947421667041144,-1.762160518790259,-1.3412878276288247,1
-1.493713459934318,-1.0459937919986406,-1.3692872784528587,-1.1968907925758105,0.1530664721456346,0.9373527833919765,-0.02930687166506115,-0.5001191283488586,0.34642961486700863,3.7086687971923187,0.5825710141590548,-0.6385745322792701,0.23132367056480058,-0.3727965348161391,3.3751100774830727,3.6576372262151158,0.734072464636895,0.9657087951973434,0.5410807532645608,6.234884563384185,-1.3488734407648129,-1.6053351718935205,-1.3240006260432113,-1.0541616092179733,-0.510273793679641,-0.082492952146031,-0.6112008444080466,-0.9851224354242585,-1.0381598732533384,1.2704138336119157,1
-0.18760822528601082,0.4980126919103197,-0.22963424880382918,-0.25828946492369625,-1.0627774479801113,-0.8036992149942948,-0.7044377333601853,-0.7177227766307184,-0.07469479452922664,-0.9363348293104574,-0.6655824185147219,-0.6860361748680281,-0.7047349609329367,-0.5160750558683086,-1.2213894022385747,-0.7678316281438182,-0.5472935897669504,-0.7328598781202145,-0.7874824511825645,-0.8669719355334226,-0.06948390019673772,0.701493104076545,-0.13994819092198615,-0.16255522164293568,-1.009109873013025,-0.3214007651193461,-0.3171404632120406,-0.04856664988646181,0.09933583311040092,-0.6711490435511543,0
1.3015583317932324,1.283364693091679,1.3772806838374814,1.2864305884222598,0.7958661264008866,1.6053283318621914,1.762197583750094,1.975542829749636,1.3492767253783815,-0.10124723362325126,1.9036093188137817,0.4949646202880349,1.6424496526346974,1.9488407635363252,-0.242034739222505,0.4485566173320464,0.5918980016979025,0.007614581098563319,-0.06998966118398757,0.25933489344624433,1.4211071088239986,1.2963953206504435,1.5795070228244101,1.399482503242746,0.7434381225210763,1.024507372089101,1.5113640269284079,1.0396952038486478,0.7910561950883501,0.7143300425890337,0
3.3387611362754344,-0.4186021083353452,3.432733756661944,3.999253234488872,1.4334153750787921,2.4984641775695575,3.050793424212585,3.7065397465221,0.5391475649296921,-0.20529093406952578,2.615538336199137,-0.6409753157565224,2.609006435033364,3.352445012540266,-0.20210821825722738,0.9138037059405528,0.3135353689962962,0.5591490793462165,0.30534946978815447,-0.14488334847529158,3.4815085312654053,-0.3538254556436429,3.6191366556822047,4.1690403784510055,0.9156027870697657,2.045792679455944,1.6550064251163188,2.382279121228376,1.169196659636296,0.20607576478267509,0
0.4637228122033696,-1.2039541095167046,0.42861003484157545,0.326350296218859,-0.08770212647272749,-0.15992839847707363,-0.2100051062999825,0.29189605285301146,0.03950843513754928,-0.7501513653539654,-0.34801261916915205,-0.706350496598625,-0.47013380015656153,-0.2998441310217555,-0.5822350955464833,-0.5467188000709607,-0.4610909680270982,0.18095399483354008,-0.456772058344305,-0.5078197273920749,0.25464738569835327,-1.0389123167513508,0.20987200773676334,0.07632799917905549,-0.4396421364288962,-0.3785441096982053,-0.48698178937133124,0.3388309121768517,-0.31723354043631996,-0.7105689720263115,1
-1.0369209437743652,0.11534826073979942,-1.0393329693941948,-0.9211950421024466,0.8408696027781507,-0.8149572298561524,-0.4930293976656241,-0.4488878294668036,-0.24243078810230367,0.23141880859312813,-0.08684182790407946,2.611347593312036,-0.15048971859875027,-0.43757826938555183,2.9890437177361715,-0.6157830974593351,-0.40511912682795803,-0.031780740204840514,1.6110261418589298,-0.08468063159336077,-0.9881999653133965,0.576500351126178,-0.9943395574766608,-0.844496869816018,0.8493856083971926,-0.9396431208289173,-0.7254823750418247,-0.6967921888504183,-0.07128852284415993,-0.35473841765722697,1
-0.3568969090387571,0.4512920346162452,-0.37734393318696413,-0.40099217461375125,-1.5210628490885822,-0.3749564823385529,-0.3339510741766892,-0.7601567817653498,-0.8027403836549213,-0.2148739064790512,0.46586845128479487,1.1080877852478677,-0.12996211703081736,0.08826265716436545,-0.320237924914826,1.0406892755610544,0.5856123938627049,0.29598833303947913,0.6875545604732016,1.3502081233468322,-0.3853570641581956,0.1888645983054196,-0.46219781460169884,-0.4141883252663972,-1.6880566783358073,-0.3864469126718773,-0.42871175991774485,-0.8646151785228843,-0.6784652850248046,-0.1429220019840493,1
2.0074060640504463,1.6081845009457258,2.1220703600228634,1.9425688206053993,1.3734107399091062,3.3784656726047566,1.968569462870874,2.627577542793973,2.10587312192077,1.542917032639595,1.0320277247082494,-0.8034898896012973,0.9621062863832093,1.261920929408409,-0.9003273782781179,1.1900608954940501,0.19560539342163724,0.6521220376222494,-0.3091539245168467,0.5121863043503542,2.1498863694671013,1.212539423101463,2.0538394955820367,2.141454849606084,0.7434381225210763,3.047017025428081,1.8036175855056984,2.5996357686455784,1.7963564544963035,2.321611926282771,0
1.1179231494173718,-1.993755697107023,1.2940639602413493,1.0304484081535015,1.695935653946165,3.2733908672274192,2.599969140657071,2.5628915593570345,2.1915255441708523,2.190452168311806,3.0502445369426634,-0.5405117610161161,3.410755901986626,3.3611993009955925,-0.1922090808278195,1.267691307287184,0.6448766963088534,0.6836382946649723,1.0697596511582492,0.8211122458359194,1.8814974066240322,-1.342692172023129,2.293970309915585,2.017497655702901,1.3217348162615479,2.4828784746921104,1.9567458024418671,2.231460223020521,2.569546103551656,1.8222928322641154,0
-0.5032311949945208,-0.977025202659768,-0.5579242233905704,-0.5345736801792872,-0.672747319377158,-1.0776442432994953,-0.8274009780029836,-0.7117716661545201,-0.8348600419987023,-0.7706863062315202,-0.03738423620272037,-0.5358948697137076,-0.10063697193377057,-0.23535420606752044,0.23774345485612192,-0.9032297739540499,-0.5721367064489218,-0.19408946397486412,1.0319968727372715,-0.8167456688776404,-0.6372297831339989,-1.4186371358410732,-0.6851340767977832,-0.6137594074505217,-1.2121758876089155,-1.1533835458706923,-1.0366624005501632,-0.9840874037698909,-0.9705249934154941,-1.2871511258562753,1
2.196779845875552,0.3667498928460133,2.313468824293968,2.472187124609727,-0.13345566078961238,1.744177181825101,1.6098754824942796,1.5719022931031423,-0.29953240293569117,-0.10535422179876147,3.36260827400388,0.2844343768982131,3.573803708726207,3.4604145701559546,-0.4271486091524292,1.2976727077038426,0.9310215101397518,0.6426671605094326,-0.16496877054584075,0.2779117317983831,2.461630472461743,0.3739804476116591,2.628967618800659,2.663845881055212,-0.22333268609849077,1.3090082791412925,1.3641079835030656,1.0293448873049718,-0.14814634084170994,0.22867652377509848,0
0.965850264012363,4.4358966638395145,0.9029453593395287,0.793885565698235,0.17481815239464538,0.5001665395898411,0.6541771375182851,1.0365610941790426,0.014526478647941894,-0.41748532313758696,0.6276902206234525,-0.631372181847513,0.13396418884260464,0.3147069185421322,-0.7000348309564353,0.13321653080683324,-0.1845242232784055,0.3479901571599722,-0.9637087504804606,-0.3602370671500843,1.288977157885873,3.0146501270314388,1.0073434775605228,0.9355284346336896,0.18721382167146244,0.7071794373001173,0.20503127359684248,1.3620336333517105,-0.11740321364268994,0.03840966900167299,0
-1.2185476163429898,-0.8146152987327446,-1.1941160752830005,-1.052128456147961,-0.0652003882840949,-0.35563022349236406,-0.8002532486662619,-0.6181063621378338,-1.4915286125826621,0.8488360309782599,-0.6165586653370587,0.03327549004719709,-0.46778778854879777,-0.6704423422972243,0.5776138399324535,-0.2645724068641911,-0.64546879785956,-0.7454663809373038,-0.2794014324275915,-0.10738565624597458,-1.037748696915194,-0.4471744736698664,-0.9753662585663561,-0.8910693583824997,0.425595664892725,-0.1998191809090077,-0.877978204061443,-0.7275474151516279,-0.6569450959854908,0.41316178903883355,1
-0.0326660401563783,0.061953223832285284,-0.024088941521382985,-0.15089464216726314,0.7658638088160442,0.19057113088875832,0.29671156118407643,0.4290303377393204,-0.4851126511442019,0.3737943986775043,-0.7423718372089375,-0.45186744800987516,-0.6871398738747085,-0.5650990712181343,-0.5502278845247318,-0.39895332658885757,-0.30933843600589994,-0.30959654603644393,-0.9671417303369131,-0.3303077164716387,0.15967898346157483,0.78851337511794,0.19801369591782292,-0.018410713304091508,1.2820045090580034,0.6056588144844847,0.5790435556710251,1.008644254217619,0.383709759701336,1.1179901101746417,0
-0.14456872941666843,-0.33405996656511416,-0.22713774709594572,-0.23092585255013948,-1.2232898470590194,-1.175026071854563,-0.8411591032777023,-0.922906716092686,-0.8277223401445286,-1.0280575652302004,-0.5809839063939757,-0.05906233600097055,-0.6396331388174926,-0.4667592309033053,-1.0692726570733428,-1.0754622117047477,-0.6445708538831032,-1.0223366990576257,-0.8286782094599947,-0.9220144195397595,-0.15825871098329122,0.04488560440056639,-0.2463765394969787,-0.24897109396401174,-1.2033469304525728,-1.1000092304023537,-0.7801387592579794,-0.9261256311253034,-0.9136502080973071,-1.1352530014653366,1
-0.37698200711111696,-0.6344070491698836,-0.42977046905252697,-0.4363000615473731,0.18906925324744528,-0.9532431790759693,-0.6377353938586474,-0.5021890798188408,-0.7670518743840539,-0.8459810894492195,-0.6729576734175561,-0.5997926453390398,-0.7639717540289714,-0.5802731712073662,0.3235359792443223,-1.0573662950246931,-0.48892723129725885,-0.4522076091547659,0.21265901366393664,-0.6536823100088676,-0.5794229295985684,-0.9582207926947844,-0.6388866607039145,-0.5751555956349591,-0.11738520022237449,-1.1341128647733536,-0.7896245780062375,-0.8230660506832694,-0.8398667028196591,-1.0579899416540288,1
2.701776597409169,1.0964820639153783,2.6380140463188826,3.225422045860326,0.8333690233819399,0.4720215024351972,1.7486851392838525,2.405057759770905,-0.0282997324770992,-1.0472235100492513,2.677143406563988,-0.5050540358136197,2.1632642295582505,3.673435589235554,-0.22751600432604047,-0.302584539535312,0.10880414236414715,0.23295581895403317,-0.6741941159196314,-0.2367354936608661,2.9736340323469825,0.7774380678944897,2.8216651858584445,3.5882123841618054,0.8493856083971926,0.06462076474847837,0.9178227966802486,1.3960418162809325,-0.51706386722995,-0.3599944081205807,0
-0.17326172666289652,0.6581978026328638,-0.1992601446912414,-0.2641741127459666,-0.620243263603683,-0.49091403541568557,-0.5028566300047089,-0.36764223427000936,0.014526478647941894,-0.7569963456464837,-0.68597282912844,0.2862811334191762,-0.6091349879165637,-0.5257047731691673,-0.8336731862534393,-0.617924626060525,-0.33627675529960377,0.04858571525410324,-0.4888132036711951,-0.6364815337568873,-0.23051727790257895,0.9498964232310719,-0.24370841933771695,-0.32033502131113006,-0.7089253296973604,-0.523226194908508,-0.2281544492402846,0.2027981804599632,-0.0897343991635716,-0.7915112251619674,1
0.33747362431996514,-1.430883016373641,0.26925000915498254,0.21983817063576633,-1.0477762891876896,-0.7663601323691339,-0.3626957287685122,-0.4263771072307492,-1.5914564385410908,-1.019843588879179,-0.7744758879624514,-1.5423771736387342,-0.7323005973241609,-0.5315409654727179,-0.8877884708675349,-0.6960904200039565,-0.4123026786396124,-0.6553298857951158,-1.275080023460704,-0.7396861912687688,0.22987301989745437,-1.565780503238341,0.1920845400083525,0.09385908803107725,-0.4440566150070679,-0.23446993240895422,0.07900539594141145,-0.16242013186690124,-0.9367075534965721,-0.4987525563531338,1
-0.9221489547894522,-0.8279640579596234,-0.8857981143593312,-0.8588177751863814,0.36833310081688,0.07048563902894434,-0.4581427228618731,-0.8367449861546846,0.20010672685645164,0.7749102438190647,-1.0573386054123306,-1.218825431165955,-0.863677247358931,-0.835110508141907,-0.8274037325481478,0.2981142330984557,-0.13813045116147118,-0.7628003223108014,-0.9797293231439056,0.2978646322506801,-0.8932315630766186,-1.0230904492892787,-0.7838545226904642,-0.7908411130264974,0.04153602859180178,0.806268428431543,0.2610427747770342,-0.5149223410115346,-0.5355097435493616,1.2493898717584988,1
-0.8159848649784082,-1.014846687135924,-0.8454380034152073,-0.767311501550078,-0.9547691046746782,-1.0988468379559937,-1.0745104203813975,-1.1671351151571896,-0.1139521547271804,-0.26005077640967017,-0.77013750272549,-0.3728262689126438,-0.7299545857163972,-0.6754031057552424,-0.45024659648771403,-0.9764165138997148,-0.9341966971960657,-1.3537301418618581,-0.42129793316096215,-0.6110243849039564,-0.7239400634371442,-0.5943178410671339,-0.745315009278907,-0.6853004165032159,-0.6912674153846744,-0.9679716299499261,-1.2340216351924964,-1.446302968277493,-0.17581515532082828,-0.528186102947918,1
-0.11874503189506308,-0.6700037404415599,-0.1638930371628849,-0.22151041603450686,-0.22646284530262373,-0.5740357118124005,-0.8712550023161495,-0.756793110626629,-0.6207289863734978,-0.15874506808040278,-0.812219839524015,-1.3257526337297332,-0.8214490384191835,-0.6117886096465399,-1.0405651585280606,-0.9708485395366211,-0.7514860500132254,-1.0171365166455764,-1.1605329289170716,-0.7255815547421449,-0.08600014406400353,-0.888604575861669,-0.16662939251460282,-0.18823206895145217,-0.25864851472386285,-0.6125886593031067,-0.7141897336748505,-0.4058004323082041,-0.1896495625603866,-0.3368680500818221,1
-0.5434013911392405,-0.9191805793432937,-0.5695745646940289,-0.5675277079840011,-0.6794978408337471,-0.7072555543443818,-0.841527624490418,-0.8054369701712064,-0.5957470298838905,-0.1943389656014973,-0.5831530990124564,-0.7214939000705245,-0.47775833788179367,-0.5604301173752938,-0.5208604434841556,-0.5986508686498159,-0.6487612591065682,-1.0068937331066914,-0.8412658022669873,-0.5989838415275703,-0.5195515455797302,-0.701906539809222,-0.47761361996632157,-0.5252185546625339,-0.2939643433492362,-0.3913101760402908,-0.73180625420733,-0.871268953443819,-0.41253723475328163,-0.24278582078778052,1
-1.5401961154732076,-0.781243400665548,-1.4920319457571534,-1.2354352358116811,1.440915954475003,-0.3965343441571132,-0.5788948402283772,-0.745408377541728,-0.5564896696859367,1.864631106387944,-0.977946155575938,-1.1294424155513287,-0.8325925935560612,-0.8535236948596094,0.42219738229075215,-0.17302205916332278,0.012125507565632397,-0.1783313354535027,-0.41214332021042205,-5.281243361787387e-05,-1.3705510108405994,-0.980371407141685,-1.267080729312296,-1.0541616092179733,1.7720116312350442,-0.12626232246175292,-0.14955766532614465,-0.140240882130452,-0.005190799366266581,0.9182624725671793,1
-0.6839970776457582,-0.47867152485629894,-0.7081304094815888,-0.6781590870426828,0.14631595068904452,-0.7830595210808893,-0.6185722907974321,-0.40516010466343344,-1.031146842988472,-0.24088483159062032,-0.636949075950777,-0.7986883226467927,-0.6050294676029773,-0.5939882231207103,-0.02524362951847627,-0.8918261341527136,-0.3712965703814188,0.05016152810623933,-0.19586558925391334,-0.7345259583931746,-0.6723268013519387,-0.7003243530630145,-0.6759438851381041,-0.6343008852973349,0.0018057213882574053,-0.9311324099341937,-0.5719024524509765,-0.06778866632471775,-0.5493441507889208,-0.6969033968215899,1
-0.36263550848800263,0.6648721822463025,-0.26791394165805,-0.4342404348095785,0.9758800319099421,1.4402107805549471,0.9956734613014814,0.5320104233709257,1.135145669753177,1.3457816002150724,-0.3723075764961355,-0.23819771853441557,-0.30298047310339404,-0.3818426328866427,0.0004941277979837631,0.7076815780760247,0.43834958172379057,0.5449667636769912,-0.44418446553731256,0.6229593034131068,-0.22019462548553806,0.685671236614473,-0.05694000818940159,-0.30758513850965974,2.0059789958781358,1.6846953743512385,1.5786681694755738,1.2304367515821113,0.7341814097701634,2.1061163172852457,0
1.605704102603252,0.42459451616248767,1.593644165187425,1.6247978382028025,1.035884667079628,1.0649436184930283,1.3383981891270627,2.0661032065613503,0.9424277196904937,-0.37230845320696704,1.5344127351483723,-0.7591677330981769,1.0623982826151097,1.6287256156865701,-0.27437192149190354,0.7869181363200509,0.18363280706888005,1.4258461480211002,0.2080817071886664,0.2631190642216802,1.5078173891271442,-0.0452990401332428,1.3423407864455967,1.4685443684173765,0.5359576293470135,1.0172124770364803,0.7755355154563749,1.9002500936228786,1.0508356199200695,0.17611661914155566,0
0.4752000111018606,-0.027038504346906023,0.6408126800117121,0.31722909209434,2.1384698383225924,2.500340513379867,2.493097988969524,1.9703679510746817,2.034496103379035,1.823561224632836,0.5574083797846789,0.23272519431123923,0.4125530672645503,0.3794886531115448,0.7746066747776671,2.153748766029506,2.015737833699559,1.7804040397517342,3.9763492629547166,1.2122578978059504,0.225743958930638,-0.2604764376174189,0.36106548342825706,0.06304687126085731,1.0038923586331965,1.5041467217988862,1.845174505736163,1.4640581821393768,2.0223184394091005,1.0917101578578703,0
0.12801474442249922,1.8239894417802633,0.20933396816576755,0.023585165763051388,1.3584095811166856,1.0574382752517903,0.9268828349278876,0.662158622046045,1.7775388366287905,1.103469297859933,-0.09508475985430605,-0.3046809532890963,0.06182433190386938,-0.16531989842491218,-0.4535463089641832,0.9121975594896603,0.45570983193528874,-0.09954069284669502,-0.24163865400661375,0.5710129591321267,0.24638926376472053,1.7900375854670838,0.5004006473008095,0.11245266711655469,1.5689456166391538,2.4348537489290267,1.9147371765567234,0.838603339571508,1.9808152176904237,2.621203382693965,0
-1.1660394313823923,0.43126889577592725,-1.186210486541368,-1.0106416890009553,-1.0965300552630586,-1.2012947731988974,-1.0561298106951817,-1.109745710651938,-0.6242978373005842,0.23004981253462503,-0.8972521901684573,0.264120055167616,-0.9322980868860208,-0.7766610422218468,-0.41493967298949314,-1.0528155467471645,-0.9012631052862188,-1.2613875087266797,-0.7131012209594266,-0.479954469863867,-1.064587593199501,0.4942266403234049,-1.1058076885747032,-0.8914235217936516,-0.8678465585115355,-1.132106768633883,-1.2031611048648296,-1.3114531298798817,-0.8921300190579934,-0.1902259161542377,1
-0.67538917847189,-1.1839309706763865,-0.7264380886727383,-0.6575628196647367,-1.3245476689078624,-1.120987600517647,-0.8106946830265396,-0.5283222171273637,1.0566309493572696,-0.21624290253755524,0.7374513671185743,0.12930682913729144,0.5533137637303756,-0.011244421611173928,0.34729390907490054,-0.5858016970426765,-0.5101785720734029,1.091773823368236,0.9759248684152135,-0.6196247730299467,-0.6103908868496918,-1.195548804625861,-0.6676430668648456,-0.6126969172170658,-1.2651496305469743,-1.046634914934015,-0.9547229947913991,-0.46701516158080414,0.2638115636251576,-0.9118734067727803,1
1.640135699298725,0.6248259045656668,1.593644165187425,1.7925103011375063,0.18906925324744528,-0.008320465004058464,0.7303381881461922,1.2143181766637487,-0.7956026818007476,-1.1991820725431528,1.5890763891340849,-0.33422905762450994,1.8131219970995107,2.164779878767701,-0.1608618123013619,-0.34434434725851504,0.0516350425297314,0.5796346464239864,-0.8149462900341847,-0.6223768972302635,2.2820163204052277,0.801170869087597,2.359191024919759,2.688637319835849,0.8361421726626782,0.3515533034848773,1.167616023717716,1.8381481943608209,-0.24806150423852497,-0.42464309081983875,0
-1.4119384177825678,-1.219527661948063,-1.3522278501156515,-1.1471655184776266,-1.3935529993530007,-0.2933358745900855,-0.3509030499616104,-0.6791699305023033,1.9131551718580866,0.9474037471905201,0.07758297257675516,1.970523080537753,-0.0971179545221248,-0.4288239809302258,0.5795936674183347,0.7505121500998225,0.3273038433019671,0.6410913476572963,2.4303640009322645,0.693482486046226,-1.2916859463744053,-1.042076690243765,-1.2341739140147359,-1.0086516108849475,-1.4964683080431627,-0.5432871563032139,-0.6279139536311682,-0.9406160742864504,0.5420368647762884,0.035256074723660914,1
0.0878445482777801,1.7016258155338757,0.022928507310431466,-0.013782347908364873,-1.9380950635178937,-0.9553071484673099,-0.6594781454088725,-0.7937934931525576,-0.34949631591490593,-1.1471602223200146,-0.6959511151734511,-0.5296158975424323,-0.6138270111320913,-0.5163668654834861,-0.5363690921235611,-0.4589161274221748,-0.37339177299315135,-0.8133839148643719,-0.7485753461427693,-0.6584985273594219,-0.1789040158173734,0.9752114111703869,-0.20220432797142446,-0.2569397707149306,-1.3490247235322335,-0.6758110830924828,-0.5940360295302458,-0.8702339217894515,-0.8982786444977975,-1.0296075931519157,1
-0.06135903740260639,-0.7078252249177156,-0.13851193646606463,-0.15942738150955502,-1.9148432673896405,-1.028859512231446,-0.8352627638742515,-1.0231182416331905,-0.706381408623579,-1.0910313839213672,-0.597903608818125,-1.0640672347092262,-0.6243840633670282,-0.44049636553732713,-1.073562283292753,-0.6002570151007084,-0.3683034237932295,-0.7115864046163765,-0.4819472439582903,-0.6316653164063328,-0.15619418049988307,-0.9249948710244341,-0.22414220483646496,-0.23799202821830137,-2.093305811811955,-0.8138061811712168,-0.7661358839629313,-1.0219399899867643,-0.5954588415874508,-0.946037344784583,1
-0.6725198787472672,0.18654164328315215,-0.6490465357283355,-0.6796302489982504,0.983380611306153,0.205581817371235,-0.24587450433764185,-0.27604688172330516,0.6711950492319017,0.24921575735367585,0.47671441437719825,0.9141783505467158,0.6758928702360317,0.0036378687628804804,0.8089236845329472,-0.07022868630620756,0.283903217773222,-0.0018402960142534812,1.5206243389723468,0.4316866714910867,-0.6083263563662836,0.06228965860884526,-0.5428343349704953,-0.5946345832483164,0.1563124716242614,-0.4131948611981517,-0.37541049266562704,-0.5233504559113853,0.3668010397418751,-0.2291202455830596,1
-0.2822951161985639,-0.8413128171865017,-0.1867776361518217,-0.35479768920892923,3.3010596447352434,1.3764153630044207,1.4575533812384658,1.2409688018397673,0.4285131861900035,1.9454018738396583,-0.004846346925510315,-0.5063467653782942,-0.21324552910643052,-0.10374806962245242,0.05955898112678322,0.20121006389461266,0.6748081621907466,0.37005153708987826,-0.5963799058400409,1.132446295996762,0.008968258172774517,-0.5405234916960899,-0.024329650687314516,-0.09296211135157711,2.381209675022717,0.9284579205629332,1.6211285010153962,1.243744301423981,0.33452075618290344,2.9575867723486398,0
3.023138166566924,0.5024622783192799,3.0707410090187697,3.502000493507031,0.5408464269297246,2.016245874319992,1.7511419473686234,2.5628915593570345,0.664057347377728,0.6407486300857108,2.601221664917165,-0.5495608679688365,2.5081279358995223,2.967256320505921,-0.6574685400099819,0.3618247089838555,0.10551168111713893,0.6993964231863342,-0.21646346839262842,0.3281379984541655,2.818794246091366,0.1762071043357619,2.919496258364705,3.1207166814412295,0.0856808143735172,0.982561725536534,0.8450981862769352,1.9667878428322263,0.3498923197824134,0.6559885484458011,0
1.1064459505188806,0.14872015880699646,0.9362320487779814,0.9745442538419334,-0.8827635424710559,-0.6740444105019019,-0.1905963224302901,0.20469934718001898,1.156558775315698,-1.7057106141894909,0.6884276139409112,0.029581977005270387,0.34217271903163793,0.46177896459160955,-0.9758907939892635,-0.9069239107911025,-0.27761108217109326,-0.26295248561321394,3.3710004816002552,-0.655058372109026,0.8905227745880854,0.3186039114944077,0.6515941229923028,0.6752183274370054,-1.1062284017327986,-0.8326513267238195,-0.24306073584469043,0.0593723654975912,3.001487040697887,-1.215144056508322,0
-0.798769066630671,-0.06708478202754183,-0.8279624914600194,-0.7552479735144239,-1.0800287805913953,-1.0532518777654705,-0.6308563312212881,-0.6662327338149157,-1.031146842988472,-0.8268151446301687,-0.5172096434106441,-0.47107371582789415,-0.5528307093302338,-0.5855257442805618,0.7590980261382616,-0.8644145680574827,-0.34585482438180964,-0.4044604797350403,0.13141182372789337,-0.5711185839993623,-0.8127148742236977,-0.3126886002422561,-0.8662697898321018,-0.7313416599529696,-0.14387207169140326,-1.0072424816498655,-0.6066837878612569,-0.6635233142457444,-0.8137350447004925,-0.9365765619505453,1
1.0949687516203896,0.37342427245945287,1.3606373391182551,1.0098521407755554,2.040962306171854,2.8981237051655007,2.830909100625564,1.85652062022567,1.0994571604823096,1.1554911480830712,0.04808195296541819,-0.7816981626539297,0.2049310399774584,0.09614151677415876,0.058569067383842606,0.632728077034378,0.8819339060934471,-0.1609973940800049,-0.5460295346120705,0.4447592614425916,0.9359424452230668,0.31069297776337224,1.2563680257582768,0.7513634608346749,2.4297689393826034,2.03363452103491,2.8217621311520844,1.2112147351438554,0.4851620794581018,1.8695967464343037,0
0.4120754171601584,3.163314950877086,0.49934424989828785,0.2769192545117883,0.7883655470046768,1.139997050905412,1.0644640876750746,0.9299585934749688,1.0209424400864022,0.5189079808788886,-0.6508319087090533,0.14777439434692496,-0.5106025003904863,-0.44341446168910253,-0.5399987758476772,0.01061401838871131,-0.09862091619737227,-0.20669596679195337,-1.22839149741295,-0.15382775212632133,0.45903590355576696,3.753531337510191,0.5656213623049833,0.2750136728353003,2.473913725164319,1.8190430249036627,1.3171305954164534,1.2851455675986863,0.8955828275650185,1.901132689214429,0
0.044805052408437705,0.6248259045656668,0.19643537600836697,-0.014959277472818867,0.6833574354577268,1.832364964909652,1.5361712399511438,0.9956795526468979,0.5141656084400847,1.3978034504382106,1.352200555195996,0.12930682913729144,1.5245625693445692,0.6584586452212678,0.8003444320941271,2.4198336947273513,1.1016308656665426,1.0949254490725082,-0.42129793316096215,0.7935910038327512,0.28974440391629336,0.584411284857214,0.35217174956405123,0.14131698512543864,1.4011954306686354,2.2342441349819686,1.8677597884701114,0.946542354955561,-0.1312376208822491,1.522701375852921,0
0.954373065113872,1.3834803872932686,0.9487145573174011,0.8745052408633383,0.36083252142066913,0.21496349642278295,0.9797042087504683,0.46370202486151907,-1.7734678358225142,-0.5543849289879489,0.5973215239647232,0.8661626810016687,0.5826389088274224,0.5928014818063226,7.968309844728251,3.2223715380232676,3.340803828290969,4.371040368663568,0.1222572107773533,3.011459093763085,0.372325623252622,0.35657639340338027,0.3907112629756087,0.2502222340546637,-0.351352564865466,-0.47337774538226934,0.007184196847455973,-0.06778866632471775,-2.0388486635814385,-0.8435455307491742,0
-0.6954742765442498,0.15094495201147579,-0.6860779777286143,-0.690222615078337,0.4358383153827756,-0.16161710070635213,-0.5705416927401552,-0.6851210409785017,0.19296902500227897,0.26016772582170433,-0.8035430690500923,-0.5973918618617872,-0.8097189803803647,-0.667524246145449,-0.5710160731264882,-0.4332177842078959,-0.4126019932984313,-0.9823110526133674,-0.7085239144841565,-0.39051043335356955,-0.6021327649160592,0.4736582126227112,-0.5994577739059369,-0.5827701089747259,1.0038923586331965,0.23848243016926246,-0.013142557613097452,-0.4921516446154467,0.4252129814200126,0.27703163603795733,1
-1.0828297393683302,-0.6655541540325997,-1.0980007595294679,-0.9588567881649767,-0.10870374878211747,-0.9982752385233996,-0.9621569014526836,-1.1010519144780135,0.2857591491065338,-0.09577124938923606,-0.7874910436733353,-0.42656688367267737,-0.8314195877521793,-0.7366831249425247,0.03448116630561712,-0.9698313134510558,-0.6604345308005065,-0.9512675394262852,-0.5815036597954133,-0.412871442481144,-1.0356841664317857,-0.6402012567071419,-1.070232753117881,-0.8761944951141177,-0.16594446458226098,-1.0258444640340474,-1.0609189942064237,-1.3407297395319948,-0.38179410755426163,-0.5381724848282909,1
-0.3999364049080995,-1.5955177135051442,-0.4501585663335797,-0.4583674908808868,-0.5954913515961882,-0.8481683736986322,-0.7965680365391051,-0.6217287772103023,-0.7920338308736613,0.005534458940031337,-0.7228491036426115,-1.019929753858202,-0.7311275915202791,-0.6082868942644095,-0.28064137519719506,-0.6816351019459246,-0.6917129126470848,-0.5201251430818339,-0.40642168711633475,0.2091086267904622,-0.5401968504138123,-1.4075618286176228,-0.5662545008129029,-0.5539057909658419,-0.03792458581528697,-0.586448618697884,-0.8350209963014735,-0.47677403146484193,-0.23730140971886743,0.5471895458543675,1
1.353205726836443,0.1420457791935569,1.215008072825024,1.327623123178152,-0.49198335592848075,-0.8312813514058457,-0.1012913485488572,0.2686090988157138,-0.9098059114675235,-1.7454114998860966,-0.27599542423559387,-0.6832660400865832,-0.2408111654976547,-0.04305166966552509,0.1945172214143749,-0.7614070423402485,-0.17823861544320801,0.4882375010000898,-0.15810281083293556,-0.7328058807679767,0.7625218846167762,-0.23990800991672576,0.6456649670828328,0.6309479010430115,-0.351352564865466,-0.8581834594079906,-0.26067725637717,0.2205415802491223,-0.5570299325886758,-1.411718099837772,0
-0.5405320914146172,-1.1683574182450283,-0.5375361261095182,-0.5554641799483468,-1.1032805767196487,-0.4674598377868159,-0.24636586595459606,-0.587574577955599,-0.5671962224671967,-0.1601140641389068,-0.5436737933561082,-0.6779104461757894,-0.39682093741394425,-0.532708203933428,-0.8501717486357855,0.2622436290285248,0.3368819123841729,-0.10426813140310355,-0.1684017504022931,0.2806638559987,-0.6475524355510398,-1.0325835697665222,-0.5801880172001581,-0.619426022028953,-1.3092944163286897,-0.08553249175128948,0.13049984057481326,-0.3413327464075918,-0.3879427329940658,0.21080615619969356,1
-0.6208724837040565,-1.8758416572695953,-0.6473822012564125,-0.6122510314332554,-0.5302363108491558,-0.9517421104277216,-0.7663492970964194,-0.7785276010614403,-0.7277945141861001,-0.9993086480016242,-0.6061465407683516,-0.28251987503753606,-0.6595742374834845,-0.5621809750663591,-0.2661226403007305,-0.7132226488134756,-0.5514839949904154,-0.8981626463092968,-1.1124712109267365,-0.6705390707358082,-0.5092288931626889,-0.8980976963389118,-0.5804844749956318,-0.5138853255056715,0.2269441288750056,-0.6059016721715382,-0.5750643920337293,-0.6760915557630657,-0.7215056631034324,-0.6101795541762444,1
-0.20482402363374735,2.5314736808048304,-0.22297691091613875,-0.27535494360828006,-0.25046469937049787,-0.5419503694561065,-0.7401842909936063,-0.39869150631973965,-1.5343548237077023,-0.349035520212406,-0.2217656087735771,1.3407791068892498,-0.28538538604516606,-0.2709549791191796,-0.3763330370148031,-0.6907365985009817,-0.7258048522865611,-0.378774730245221,-0.5769263533201431,-0.28248955849113366,-0.2511625827366611,2.498857247767899,-0.3121901700920994,-0.3082934653319636,-0.664780543915645,-0.6995194920134988,-0.9426172832460029,-0.5449382589881958,-1.1273149421304962,-0.3931071480397129,1
-0.5893101867332057,1.95747703404905,-0.617840264379786,-0.5910662992730823,-0.620243263603683,-0.8095158560062545,-0.7957081537094353,-0.6281973755539961,0.17512477036684526,-0.7843762668165559,0.9292079945922654,2.6685970454618992,0.777357872271814,0.19681583401040825,0.17669877404144124,-0.5253035140590617,-0.5248449903555306,0.04700990240196715,-0.024216596431287568,0.026436382994431802,-0.5505195028308536,1.1888066219083555,-0.5923427868145726,-0.55266621902681,-1.2430772376561166,-0.9721054038130776,-1.0094245495730216,-0.872599708428006,-0.8075864192606883,-0.9376277600432158,1
-1.5772100819208423,-0.16497568302465124,-1.5648465789037689,-1.263975777749692,0.8708719203629931,-0.8382237939039913,-1.0864713905421062,-1.2432317060724036,1.2778997068366467,1.4895261863579536,-0.23911914972142245,2.9160624192709887,-0.323508074671327,-0.595447271196598,4.5432082941531835,-0.606681600904278,-0.963340965525265,-1.8171767016751006,4.666378214101673,1.0368099800357518,-1.5101132715189953,-0.5341947447112607,-1.4992071831680598,-1.1326088047881304,0.1077532072643737,-1.091194565547104,-1.2589467532176817,-1.6927883636818992,0.32683497438314846,-0.16131796860578942,1
-0.5233162930668807,-0.31626162092927557,-0.5529312199748028,-0.5434006519126927,-0.6704971455582946,-0.71082059238397,-0.6920308525320908,-0.5567840498396164,0.5748360742005595,-0.9226448687254218,-0.2503989513375219,1.0766929243914904,-0.407377989648881,-0.36258319828492547,-0.3608243883753976,-0.12108999058446772,-0.3470520830170853,-0.12317788562873742,0.5834208381608088,-0.5294927054695701,-0.44729297866044243,0.4847335198461615,-0.5401662148112335,-0.47722941245144435,-0.3645960005999804,-0.4721619295401659,-0.6369480667247476,-0.28337097376300435,0.807964915047811,-0.8025488051350114,1
-0.3425504104156428,-0.7612202618252302,-0.33115865159111085,-0.40775951960936196,-0.6764976090752629,-0.15110962016861856,-0.48529045219859485,-0.4442304386593441,-0.09610790009174669,-0.04922538340011305,-0.7705713412491862,-0.7881618104773015,-0.636114121405847,-0.6295889961723695,-0.5469281720482626,-0.5210204568566819,-0.5113758307086786,-0.622080234615043,0.041010020841310446,-0.66021860498462,-0.36884082029092985,-0.632290322976106,-0.29796019590937045,-0.4177299593779167,-0.04675354297162907,-0.014407264988241368,-0.3148819349386458,-0.19642831479612338,0.9524576128832052,-0.16026677051311827,1
-0.5921794864578284,-0.31403682772479624,-0.6494626193463158,-0.6025413625265094,-1.4220552010586016,-1.2050474448195165,-1.0674802640468246,-1.0985420983206604,-1.509372867218096,-0.2751097330532108,-0.6872743446995284,-0.5323860323238775,-0.7669042685386762,-0.6199592788715109,-0.7432610643981823,-0.9891050708617648,-0.9279021099211036,-1.194573043796107,-0.689070361964259,-0.7056286542898479,-0.6599396184514892,-0.5642562928891973,-0.7257487947776551,-0.6309363328913914,-1.3666826378449195,-1.114112694170753,-1.224020871997904,-1.2793671485944853,-1.1657438511292713,-0.7284393396017157,1
1.7204760915881643,1.0052655425317076,1.7892034656383349,1.7542600902927494,0.9158753967402572,1.513387877157021,1.7179750382242125,2.0686906458988275,1.5848208865661062,1.640115752793352,2.950461676492553,1.0065161765948836,2.9503511239629896,2.701709570694365,0.32419592173961626,1.1756055774360183,1.3261168597807413,1.2335969800604893,0.7642244439339747,0.7299481317004242,1.5305272244446346,0.5717537908875564,1.5291091975939126,1.4455237466924997,0.1077532072643737,0.4980591124583352,0.9688655356589717,1.1505914525308942,0.560482741095701,0.5498175410860443,0
0.578494801188282,-0.2873393092710388,0.55759595641558,0.47729151286009236,0.10656287988912894,0.19807647412999665,0.07400190829956758,0.2944834921904889,0.20010672685645164,-0.031428434639566266,1.3578404560040456,0.24749924647894603,1.0319001317141812,1.0465654334073886,-0.06978974795081087,-0.3202521504951285,-0.04534290692760248,0.021796896767788655,-0.22104077486789867,-0.12802658774835093,0.7542637626831434,-0.08643589553462967,0.6456649670828328,0.6256354498757322,-0.03792458581528697,-0.20407453635636957,0.0067324911927770575,0.10520948161958639,-0.21116975159970078,-0.1392428086597013,0
-1.5379006756935094,-0.5565392870130912,-1.515748711982051,-1.2254313345138215,0.6083516414956213,-0.5415751022940447,-1.0864713905421062,-1.2432317060724036,0.642644241815208,1.1322182150885092,0.5422240314553144,1.6270263676385697,0.23073716766285945,-0.27328945604059984,2.916450043253849,-0.30526145028679924,-0.963340965525265,-1.8171767016751006,-0.23248404105607368,1.007912675932425,-1.2586534586398739,-0.47723602184780245,-1.2810142456995512,-0.9964329732002052,0.6065892865977578,-0.7669972712502366,-1.2589467532176817,-1.6927883636818992,-0.7445630085026975,0.2323557170994465,1
0.27147973065364017,-0.5787872190578892,0.29255069176189963,0.11362027744378718,0.22807226610774115,0.6240047030702741,-0.13802062941618645,0.34597353500629174,-0.48868150207128824,0.8187181176911805,-0.08640798938038337,-0.6568574218368072,-0.27541483671217015,-0.0984954965492566,-0.943223640472218,-0.38396262638052814,-0.36590890652267805,-0.23506059813040403,-1.1593886022982542,-0.1957976461811532,0.10187212992614511,-0.8522142806989038,0.07350142181894587,-0.040368844795512455,-0.8281162513079917,-0.24054901161947115,-0.42058105813352353,-0.18755661490154363,-1.156520912969565,0.06626641845745081,1
0.03619715323456943,0.840630845400205,0.11113823432233168,-0.1202944734914576,0.878372499759204,2.5922809680850367,1.346997017423762,0.4691356474702219,2.066615761722816,1.7400524650641154,-0.4595091197590584,1.6842758197884329,-0.3880233938848301,-0.1895400964846475,0.32617574922549747,5.891251557256183,2.526667956303475,0.8081275099837287,3.484288816863189,2.722486052729817,-0.10870997938149385,1.7979485191981193,-0.024329650687314516,-0.20771105656480948,0.9288462228042801,4.106600531821181,2.5751308436973694,0.927320338517305,3.4380394469239697,3.173082381346165,0
-0.5032311949945208,0.6403994569970252,-0.4930151789855878,-0.548108370170509,0.4058359977979332,-0.03083649472777344,-0.4268184197810404,-0.5130563250362463,-0.9062370605404372,0.6708665433727902,-0.42089749115010244,0.8458483592710716,-0.4801043494895574,-0.48631047512020004,1.4381788537956304,0.3420155694228488,-0.027982656716104438,-0.028629114500568067,-0.21646346839262842,0.5304191271774533,-0.5546485637976699,0.453089784922018,-0.5887852932688903,-0.5785201480409026,0.5712734579723857,-0.14206792840909688,-0.49646760811958945,-0.48120988141213167,-1.0166396842140242,0.34641071015423386,1
1.1925249422575654,0.1420457791935569,1.1609172024875378,1.1451990406877723,-0.08695206853310566,0.10988869104544588,0.29793996522646193,0.6714734036609641,-0.039006285258359225,-0.7241404402423972,0.23766938782062844,-0.7844682974353748,0.23836170538809184,0.45798543959430155,-0.8801991321716555,-0.617924626060525,-0.28868572454739366,-0.17990714830563878,-0.800070043989557,-0.5597660716730554,1.3653647857719766,0.2917067368088859,1.3630928321287425,1.2861502116741215,0.5271286721906703,0.00261415680120583,0.4503074440875203,1.1638990023727638,0.2053996219470201,-0.02886700892926121,0
0.3919903190877991,-1.6578119232305775,0.44941421574060847,0.253380663222707,2.243477949869542,0.9823848428394064,1.4096456235854273,1.5951892471404405,0.5748360742005595,1.0925173293919044,0.12573904870702599,-0.9966606216940639,0.01842311716024005,0.18747792632472715,-0.5241601559606248,-0.11520078693119536,0.3246100113725967,0.26289626314461995,-0.31601988422975186,0.12448080763071913,0.5209718180580137,-1.3885755876631372,0.5270818488934261,0.393658415571204,0.9200172656479381,0.6147774333002601,1.3744972135606817,1.008644254217619,0.4405845450195226,0.8814705393236998,0
1.5770111053570233,1.2588919678424018,1.497944933051873,1.5894899512691807,0.5558475857221463,-0.0831862638354111,0.9465372996060574,1.1017645654834765,-0.506525756706722,-1.204658056777167,0.3274739622257281,0.32690977688037,0.08352493927568404,0.5242262222396019,1.6229627524779082,-0.3250705898478058,0.5053960652992314,0.5449667636769912,-0.4888132036711951,-0.6877398469877885,1.068072396161193,0.8138283630572548,0.965839386194231,0.9585490563585665,0.9067738299134224,-0.44176653348758127,0.5374866354405604,0.4748636438937406,-0.9782107752152492,-1.2256560374350305,0
1.9643665681811042,0.9385217463973144,1.963958585190213,2.0985119878955625,0.36833310081688,1.0780779691651956,2.2449603724076335,2.146313826023153,1.4277914457742902,-0.510577055115833,2.6554514803791816,-0.6965626870375193,2.1104789683835663,2.908894397470414,-0.5604569932017863,0.7344506855908982,1.8855359571133241,1.1201384547066866,0.38087502663011,0.41138975551374996,1.9227880162921966,0.1872824115592122,1.7218067646516984,2.0015603022010633,-0.492615879366955,0.36492727774801437,1.89892747864296,1.4196996826664783,0.3022404726239326,-0.3016529139773482,0
-0.1302222307935541,-0.8324136443685829,-0.17970421464615038,-0.222098880816734,-0.11695438611794912,-0.6913066999567502,-0.5085072885996825,-0.27785808925953925,-0.3138078066440385,-0.8363981170396941,-0.29378280370713533,-0.9913050277832701,-0.456057730509979,-0.32172985216007055,-0.16878112224488798,-0.6896658342003867,-0.42158143306299917,-0.07905512576892507,-0.1947212626350959,-0.6922120488133032,-0.29245319240482576,-1.0705560516754942,-0.38867628132426657,-0.34760560396983026,-0.19684581462946202,-0.7785475217502189,-0.566481984594829,-0.32920808988499956,-0.6139047179068625,-1.0054300370204858,1
1.5224944105891893,-0.25841699761280196,1.4771407521528401,1.4541430513569635,0.5933504827031996,0.7703588962744224,0.9109135823768749,1.2055208829163253,0.3143099565232276,-0.5187910314668543,0.34265831055509277,-0.3746730254336072,0.07590040155045191,0.43609971845598644,-0.4380376603247777,-0.1805174092674875,-0.04773742419815394,0.5449667636769912,-0.5094110828099102,-0.6333853940315307,1.553237059762125,0.4483432246833963,1.3393762084908618,1.325108186900836,0.8626290441317069,0.715690148194841,0.6906148523767294,1.6370563300836811,1.015481023641196,-0.33424005485014524,0
-0.26507931785082683,-0.1516269237977729,-0.2379559211634425,-0.3418514639999346,1.5009205896446878,0.37445204029909845,0.4195519654226361,0.6559487676360992,1.1529899243886108,0.6927704803088471,-0.4547368959984007,-0.5619341366592909,-0.5141215178021319,-0.4075218790222658,-0.14832290489077884,-0.10717005467673335,-0.09383188165626936,0.09743591367032388,-0.37209188855180936,-0.05612734301507349,-0.12316169276535147,0.33759015244889395,-0.13105445705778074,-0.21302350773208875,2.04570930308168,0.9691877512733968,1.0022917541052152,1.3945631996318362,1.491999495226006,1.7697329276305727,0
0.8367317764043363,0.20433998891899074,0.7489944206866842,0.7459256859467318,-0.6052421048112613,-0.5648416663418838,-0.23273058108411593,0.151398096827982,0.788967129825764,-1.434649394605775,0.8411387742819504,-0.6326649114121873,0.7814633925854004,0.8825684296776142,-0.6412999488752827,-0.5531433858745305,-0.38087463946362454,-0.04753886872620194,0.2584320784166366,-0.4214718306071341,0.7294893968822446,-0.12124400395118741,0.6753107466301844,0.5849066575932578,-0.9340637371841086,-0.6600054771451388,-0.3862514283779221,-0.07222451627200753,0.5312767702566318,-1.026979597920239,0
-0.7471216715874603,-1.0571177580210396,-0.7368401791222549,-0.7234708752741643,0.6608556972690952,-0.39146823746927717,-0.43443452484383105,-0.7337649005230791,-0.09253904916466035,0.41486428043261403,-0.8178597403320648,-0.05906233600097055,-0.7076674754426415,-0.6967052076632024,-0.6680276199346837,-0.22602489204277293,0.2806107565262138,-0.5505383311280617,-0.25765922667005897,-0.06610379324122201,-0.7982631608398401,-0.6196328290064488,-0.7465008404608009,-0.7297479246027857,0.1298256001552314,-0.34146172651405193,-0.08631887367108967,-0.5940283317382035,0.017866546032997567,0.3979194166951062,1
-0.6294803828779247,-1.043768998794161,-0.5654137285142226,-0.6413800381534933,1.4559171132674236,0.4964138679692218,-0.6307334908170495,-0.4662236730279031,0.6783327510860754,2.14664429443969,0.018580933354080974,-1.0049710260383988,0.14510774397948253,-0.384760729038418,1.0521124940487299,1.1804240167886957,-0.12855238207926534,-0.0680244358039719,1.2116561518916198,1.9322823917138443,-0.6434233745842234,-1.4724314852121172,-0.6213956507709769,-0.655373608260876,0.4476680577835827,-0.033252410540844116,-0.8334400265100971,-0.7994081842977235,-0.3110849149965158,1.0181262913709106,1
-0.6438268815010391,-0.4186021083353452,-0.672347218335252,-0.6416742705446069,-0.9052652806596875,-0.876688678015338,-0.7562763839488575,-0.6532955371275281,0.2500706398356664,-0.7611033338219948,-0.8022415534790039,0.07390413350839085,-0.9029729417889738,-0.7101284499613689,0.20243653135790127,-0.5547495323254229,-0.5407086672729339,-0.4654444371127094,-0.31601988422975186,-0.6956522040636993,-0.6620041489348973,-0.010490931716685066,-0.6780190897064189,-0.6408529084036461,0.20487173598414787,-0.49465452261907844,-0.6645021116601644,-0.3413327464075918,0.2638115636251576,-0.744207310991779,1
-0.16178452776440547,-1.869167277656156,-0.15765178289317533,-0.26947029578600973,2.4984976493407034,0.029206251202133424,-0.2416979305935309,0.45309352357786103,2.1344239293374647,0.506587016352355,0.07888448814784366,-0.33976932718739977,-0.07131182683672349,-0.1624018022731368,2.1179196239482936,0.16212716692289686,-0.6155373319776668,-0.518864492800125,0.5765548784479037,0.811135795609771,-0.4514220396272588,-2.108470557187403,-0.47020217507948364,-0.4855522526135153,0.5668589793942146,-0.7250516246976699,-0.8732352946873139,-0.5975770116960354,-0.3372165731156824,-0.6474970864660599,1
-0.19908542418450184,-0.5320665617638138,-0.2587601020624755,-0.289478098381729,-1.231540484394851,-0.8665564646396662,-0.8185564688978074,-0.8621018916619643,-0.5529208187588494,-0.7802692786410457,-1.0130870759953248,-1.0814267460062816,-1.0191005163732796,-0.7293878845630863,-0.8538014323599016,-0.6885950698997918,-0.5290353955789956,-0.9530009335636349,-0.8893275202573226,-0.5958877018022138,-0.3172275582057243,-0.6512765639305922,-0.3990523041658395,-0.3828448633794494,-0.48378692221061165,-0.5445029721453173,-0.642820240235574,-0.6596789109580933,-0.2895647259572016,-0.4419878593489077,1
-0.06996693657647518,0.057503637423325836,-0.12561334430866405,-0.17119667715409564,-0.6712472034979154,-0.7475967742660381,-0.921619568053959,-0.6499318659888074,-0.8919616568320898,-0.8186011682791464,-0.21699338501291968,0.8864770027322654,-0.25957925835976475,-0.2505283060567522,-0.37798289325303763,-0.7715793031959005,-0.7893792858197021,-0.7079620350564633,-0.06197937485226495,-0.5091957894922334,-0.13141981469898417,0.3470832729261374,-0.18738143819774863,-0.23126292340641416,-0.9031623871369082,-0.8697337099079728,-1.0442510555487698,-0.8218831573639921,-0.6400363760260291,-0.7946648194399795,1
-0.25360211895233525,1.3145117979543959,-0.3161796413438071,-0.3321417950931887,-0.5909910039584614,-0.9586845529258672,-0.7459577899928185,-0.7081492510820516,-0.663555197498539,-0.9404418174859687,-0.796167814147258,0.2807408638562864,-0.8560527096336987,-0.6021588923456813,-0.40042093809302853,-0.9251269039012167,-0.5113758307086786,-0.800619830762069,-0.8252452296035423,-0.6805155209619567,-0.3956797165752369,1.3312034290670014,-0.47227737964779803,-0.437031865285698,-0.14828655026957552,-0.9171505277500046,-0.6310758932139209,-0.804879065899381,-0.7461001648626483,-0.8593135021392375,1
0.24565603313203485,-0.12715419854849555,0.2555192497616208,0.11391450983490077,-1.0807788385310173,0.25436654843928447,0.02523426781685936,-0.32158581406290954,-0.2174488316126963,0.30397559969382026,0.1305112724676834,1.3130777590747997,0.29173346946471707,0.035445116817231635,-0.3931615706447961,1.2532359892291522,0.6239246701915282,0.5890895235368034,1.473706947600829,1.9133615378366657,-0.003418924727674554,-0.05479216061048623,-0.0035776050041686916,-0.12395140982737286,-1.4373142950956643,-0.03082077885663728,-0.12968261652027027,-0.45001107011619307,-0.11894037000264077,0.417892180455852,1
1.7462997891097696,1.029738267780985,2.1636787218209292,1.7483754424704792,2.46099475235965,4.545546546617323,3.524957384573426,2.907020991241545,3.9295559456620945,2.561450100166287,2.341786227746877,1.268755602571679,3.445946076103082,2.2815037248387147,1.121406456054584,2.3015142395116093,2.3021819621892767,2.268906023913942,6.6678054704134935,0.7502450476777609,1.46652677945898,0.934074555769,1.8700356623884566,1.3162541016220375,1.396780952090463,2.1837877775346777,2.210604380371445,2.015582192252415,3.8592202895505445,0.8099890690220816,0
-1.2876977397063998,-0.5565392870130912,-1.2507034473283702,-1.0894959698193774,-0.8235089652409918,-0.203834656438318,-0.05190950604495607,-0.6501906099225551,0.8246556390966314,1.1691811086681059,-0.90028905983433,-0.47107371582789415,-0.7886048759104909,-0.7629459903085027,-0.3390462860307006,0.5004886859109015,0.541613139016322,-0.4761599645072353,-0.36408160222008673,0.07735068070029325,-1.1389106906021969,-0.4345169797002087,-1.0663788017767255,-0.931621068959398,-0.39549735064718083,0.5132568104846276,0.7019074937437034,-0.4921516446154467,0.08088995679098926,0.736930801581457,1
-0.3511583095895116,-0.6967012588953165,-0.38774602363648064,-0.40775951960936196,-0.11545427023870652,-0.7684241017604744,-0.6073938140117232,-0.8253602530697833,0.7318655149923765,-0.6871775466627996,-0.6829359594625672,0.03881575961008736,-0.7199840363834011,-0.582899457743964,-0.4829137500047593,-0.1917604344237344,-0.18841531384305168,-0.8196871662729165,0.6005857374430715,-0.5673344132239266,-0.48858358832860677,-0.3443323351663995,-0.5321618543334488,-0.4997187890595934,-0.2939643433492362,-0.46425912656649393,-0.35914908909718435,-0.838147940504055,1.0370012126805102,-0.71529936344333,1
-0.8504164616738817,0.6893449074955806,-0.84086108361742,-0.8014424589192458,-0.009696100752136814,-0.3978477792243299,-0.493889280495294,-0.6592466476037264,0.8032425335341113,0.3847463671455328,-0.4855394311808262,0.49681137680899845,-0.45723073631386085,-0.5942800327358878,-1.150445583994486,0.27562818278596174,0.06779803410595366,-0.2035443410876809,0.9656259288458561,0.31540942402769995,-0.8767153192093528,0.3866379415813168,-0.8721989457415722,-0.7846432533313382,-1.0400112230602256,-0.4800647325138379,-0.5524791092997811,-0.7445515066162389,0.36833819610182594,-0.20546828849796503,1
-0.3798513068357397,0.6960192871090195,-0.4152075424232041,-0.4251192306850595,-0.39297570789850006,-0.8543602818726538,-0.5077702461742513,-0.543588109218481,-0.7848961290194876,-0.28195471334572814,-0.6733915119412522,0.3361435594851866,-0.7721827946561446,-0.5353344904700258,0.1707592915837964,-0.7142934131140707,-0.26533918115951705,-0.41155163756965296,-0.4819472439582903,-0.40495908540523307,-0.36677628980752164,1.195135368893184,-0.4500430449872843,-0.40037595223147093,0.425595664892725,-0.6375128840662262,-0.2755835429815758,-0.3130911684098463,-0.15429496628151412,-0.18707232187622488,0
-1.248675263451529,-0.049286436391703256,-1.2386370224069312,-1.062426589836934,0.878372499759204,-0.3717667114610265,-0.9767257733953768,-0.7342823883905746,2.6162188044941748,1.03775748705176,1.3213980200135704,1.013903202678737,1.0753013464578105,0.15479524942484335,2.0090291122248085,-0.34862740446089485,-0.7831236094503865,-0.1594215812278688,1.1807593331835473,0.14408969255797655,-1.0439422883654184,-0.4186951122381367,-1.0503700808211553,-0.8832777633371568,0.3328916147511231,-0.7414651385660657,-1.1647661242171177,-1.0142511834114618,0.4098414178205026,-0.2175570665636803,1
-0.7901611674568028,0.4268193093669678,-0.7996688054373342,-0.7481863961276995,-0.6149928580263355,-0.7016265469134529,-0.455931595585579,-0.7518769758854218,-1.134643519873988,0.3532594577999504,-0.6833697979862633,-0.39129383412227736,-0.6900723883844133,-0.6363006173214528,0.7033328852859313,-0.5242327497584668,-0.23211525403061564,-0.8031411313254869,-0.5723490468448732,-0.457249445211253,-0.6723268013519387,0.5274525619937552,-0.6886915703434655,-0.640321663286918,1.6616496667807557,-0.2283908531984373,0.15037488938068777,-0.46878950155972,-0.15429496628151412,0.2150109485703768,1
0.03619715323456943,1.8929580311191367,0.03541101584985116,-0.07910193873556544,-1.0170239136632264,0.01419556471965677,0.2684582682092076,-0.10268844611231093,-1.6521269043015645,-0.1943389656014973,-0.24519288905316838,2.07948171527459,-0.3921289141984167,-0.2408985887558935,-0.22256643561133652,0.1653394598246818,0.1890204709276208,-0.22402990816545115,-1.0106261418519784,-0.07470418136721209,-0.10664544889808568,2.329563265923731,-0.13994819092198615,-0.20487774927559382,-1.0664980945292548,-0.08857203135654794,0.1250793727186658,-0.47751333978939015,-1.5976847882755019,-0.32950966343312604,1
1.5655339064585323,0.860653984240523,1.5478749672095524,1.539470444779883,0.3908348390055126,0.537693255796033,1.1934465121255622,1.3985438574921485,0.6569196455235543,-0.5297429999348828,0.9491645666822878,3.025021054007826,1.5304275983639783,0.9304252065667299,1.4051817290309383,0.8356379119971212,1.2722402211933337,3.6051953225253985,0.800842895736135,0.8372809755127809,0.9400715061898831,0.7315546522544816,1.0310601011984044,0.7673008143365128,-0.31603673624009393,-0.09586692640916829,0.47063419854807376,1.0056870209194257,-0.5431955253491166,-0.43147587842219887,0
-0.06709763685185242,-0.5365161481727734,-0.030746279409074,-0.2115065147366474,0.5108441093448822,0.911084082047642,0.12977145182387373,0.20625181078250543,1.0744752039927032,0.8830609324408504,-0.5883591612968101,-0.007353153413996671,-0.49300741333225806,-0.4530441789899611,-0.3370664585448191,0.4828210749510849,0.20668003579793778,0.4441147411402774,-0.14780387126357805,0.25933489344624433,-0.10664544889808568,0.1762071043357619,-0.08362120978201783,-0.22949210635065442,0.6065892865977578,1.093200967167942,0.8351606618739982,0.7528435739239042,1.076967278039236,1.1390140720280586,0
0.3145192265229826,-1.3641392202392477,0.24761366101998838,0.17952833305321458,-1.2120389779647025,-0.6342660913233386,-0.669673898960673,-0.5557490741046254,-0.29953240293569117,-0.995201659826113,-0.9267532097797944,-1.4505933745468556,-0.8419766399871162,-0.5980735577331958,-0.6498792013141028,-0.5627802645798851,-0.4991039296971025,-0.3745200355444535,-0.4819472439582903,-0.7015004679893726,-0.013741577144715812,-1.5958420514162772,-0.08065663182728283,-0.10730572950323118,-0.8678465585115355,-0.507420588961164,-0.643723651544932,-0.4835756680506862,-0.6800024413847554,-0.8708766811586168,1
1.4536312171982422,1.6148588805591653,1.435532390354774,1.4335467839790175,0.4658406329676181,0.7909985901878283,1.273292774880626,1.2572696696658758,0.34642961486700863,-0.06976032427766791,1.0593595517011056,-0.3637771619599236,0.907561516502702,0.9172937738837411,0.13545236808557573,-0.046671871693118476,0.23032589384463334,0.22034931613694392,-0.7245444871476017,-0.12389840144787573,1.5387853463782672,1.5954286156836004,1.5587549771412643,1.495106624253773,2.0280513887689935,0.7716176769315967,1.3401675838050806,1.0751820034269668,0.5051451121374643,0.6817429017162366,0
1.7922085847037348,0.48243913947896205,1.839133499796015,1.804279596782047,1.590927542399216,1.5828123021384761,2.064384978176951,2.648277057493793,2.7268531832338634,0.5462879020489598,0.7734599645853537,-0.32314851849872983,0.726332119802952,0.9000770065882665,-0.4938028011771078,-0.056308750398473204,-0.008527203892873963,0.3401110928992915,0.800842895736135,-0.15864396947687584,1.8649811627567667,0.9562251702159006,1.8937522860263374,1.8740614741863606,1.1893004589164016,1.1673657335362484,1.1549682653867048,2.277297339142516,4.0406047400247616,0.9550544058106596,0
-0.5290548925161261,0.6893449074955806,-0.5625011431883575,-0.5422237223482387,-1.0402757097914788,-0.959622720831022,-0.8759229376772146,-0.9169556056164877,-0.9312190170300436,-0.4037953625525504,-0.7289228429743574,-0.10892476206698087,-0.7018024464232321,-0.5887356500475147,-0.6221616165117613,-0.7126872666631783,-0.6816858715766506,-1.100024272667938,-0.5265759820921728,-0.48408265616434215,-0.43284126527658484,0.9767935979165937,-0.4292909993041385,-0.4547400358432956,-0.2939643433492362,-0.4666907582507006,-0.7033487979625553,-0.7560847164791926,0.2622744072652068,-0.11559085157460672,1
0.4838079102757289,-0.32293600054271515,0.4951834137184809,0.3831371477037674,0.0983122425532973,0.4889085247279838,0.13628199324851742,0.46603072026524867,0.13229855924180417,-0.25868178035116707,0.4940679553250436,-0.39350994194743333,0.46357881973341203,0.4652806799737399,-0.39943102435008765,0.8163641545864122,-0.12795375276162751,0.20301537476344614,-0.06884533456517011,0.11622443502976872,0.8574902868535546,0.23158364045301333,0.8680083136879703,0.7425093755558761,0.32406265759477976,1.8463988813509884,0.5320661675844129,0.9835077711829764,1.3259866083512977,1.0811981769311623,0
-0.5089697944437663,-1.546572263006589,-0.5346235407836538,-0.549285299734963,0.5258452681373039,-0.6254473130148835,-0.5967066988429685,-0.2858791512057197,0.549854117710952,-0.43254427978112664,-0.6764283816071253,-0.9831792990910314,-0.6472576765427248,-0.6065360365733443,0.3509235927990169,-0.7260718204206151,-0.4595943947330035,0.1384070478258638,-0.16496877054584075,-0.5360290004453225,-0.5711648076649357,-1.610081732132142,-0.6003471472923575,-0.5854263345583656,0.2755033932348933,-0.7937452197765111,-0.6979283301064076,-0.30421946851526677,-0.15736927900141576,-0.8682486859269393,1
-1.151692932759278,-0.9414285113880917,-1.1624937203164705,-0.9806299851073768,-0.2339634246988346,-1.0543776792516564,-1.066853777985208,-1.181029664399444,-0.3637717196232523,-0.3052276463402901,0.14135723556008675,0.12930682913729144,-0.05488974558237721,-0.34390738291356326,2.444591159118748,-0.7153641774146656,-0.9155404145118817,-1.4383512920215697,0.5376477734081084,-0.11564202884692516,-0.9076832764604761,-0.7335502747333654,-0.9436452744506896,-0.7839349265090344,0.8758724798662226,-0.9438984762762792,-1.2276887219138974,-1.5387165088460317,0.005569295153390079,-0.3815439690203336,1
-0.18186962583676478,1.9730505864804082,-0.2417006737252686,-0.26093755644371786,-1.5465648190356978,-1.0485610382396966,-0.9303412367548967,-0.9542147320761641,-1.3701876810617126,-0.695391523013821,-0.9675340310072309,-0.0886104403363842,-0.8056134600667781,-0.680072059598083,-0.6729771886493874,-0.7137580309637731,-0.7386155196840114,-1.0010632255537877,-0.716534200815879,-0.7300537565676598,-0.32548568013935736,1.552709573536007,-0.29973894268221163,-0.35256389172595753,-0.9473071729186237,-0.6776348068556379,-0.9005634867953912,-0.8380000788391452,-0.36181107487489916,-0.7158249624896652,1
-0.465930298574424,-0.45197400640254226,-0.4680501619067478,-0.5022081171568005,-0.4882330662303758,-0.5036731189257908,-0.643140371645144,-0.6302673270239781,-0.9954583337176047,-0.30796563845729724,-1.0356466792275238,-0.7700635965718606,-0.8918293866520961,-0.7676149441513433,-1.0511242384527621,-0.6238138297137973,-0.5604634347549834,-0.6989799017992873,-0.6089674986470334,-0.7792479766483232,-0.45555110059407516,-0.23357926293189718,-0.4269193369403504,-0.4823647819131478,-0.20567477178580534,-0.039939397672412676,-0.3428876855287415,-0.135805032183162,0.16235924386839176,-0.400465534688409,1
-0.06996693657647518,-0.4742219384473395,-0.13559935114020027,-0.18267174040752268,-0.5954913515961882,-0.7839976889860442,-0.9120380165233513,-0.9480048776662181,-0.6813994521339727,-0.5215290235838614,-0.7523501232539486,-0.631372181847513,-0.749895684382389,-0.5925291750448226,-0.7861573265922823,-0.866930864163881,-0.6901564764212264,-1.0585803946567571,-0.9396778914852929,-0.7217973839667093,-0.1603232414666994,-0.3538254556436429,-0.20516890592615988,-0.2723458791000406,-0.7309977225882182,-0.742680954408169,-0.8923876144457019,-0.9381024259829861,-0.8690726736587283,-0.652227477883079,1
-1.6922690008782173,-0.5565392870130912,-1.6638744799831662,-1.3207626292346006,-0.7342520704260854,-0.8202109701250193,-0.8914008286112733,-1.0901329204738586,-0.12822755843552777,0.31766556027885684,-1.0221976849929437,-0.44558847583859984,-0.9850833480607051,-0.87573040657462,0.6554870543771276,-0.47658373838199153,-0.4880292873208021,-0.8847682370661395,0.5788435316855386,-0.42112781508209446,-1.5076358349389052,-0.6101397085292054,-1.4811232576441753,-1.1288900889710352,-0.11297072164420222,-0.7384255989608072,-0.9481732627985541,-1.3136710548535266,0.2699601890649618,-0.5329164943649365,1
-0.23638632060459872,-1.0192962735448836,-0.2895502897930448,-0.2915377251195234,-1.66807420525431,-0.9868295900805111,-0.6858888323201628,-0.5580777695083552,-1.4950974635097485,-1.3045947690479314,0.05979559310521371,-0.08307017077349393,-0.04257318464161757,-0.05443224465744895,-0.8250939338146194,-0.8020960857628566,-0.5568716588491562,-0.11214719566378427,-1.1433680296348092,-0.8157136223025214,0.019290910589815774,-0.5484344254271253,-0.08065663182728283,-0.08694133336199399,-1.3975839878921206,-0.8107666415659586,-0.6491441194010795,-0.2126930979361862,-1.387094366962215,-1.1652121471064563,1
-0.6696505790226444,-0.26731617043072087,-0.6948157337062079,-0.646381988802423,0.2918271909755319,-0.825652343974917,-0.7566449051615732,-0.33374677894905386,-0.663555197498539,0.021962411642074086,1.0979711803100616,1.6750420371836163,0.8002314854475104,0.317916824309085,-0.4571759926882992,-0.8197636967226734,-0.5826127195075843,0.4393873025838689,-0.5643387605131507,-0.36058108267512395,-0.6000682344326509,-0.383887003821579,-0.6557847550459052,-0.5774576578074466,-0.819287294151649,-1.078610871581334,-0.9825028925541553,-0.6340988429287219,-1.4624150285998139,-0.7925624232546378,0
0.5555404033912998,-0.8524367832089007,0.5867218096742264,0.41903349941961643,-0.06595044622371671,0.6371390537424414,0.3925270764901529,0.5785843314455211,-0.08183249638340032,-0.4037953625525504,-0.23781763415033397,-0.8317452643720366,-0.08480139358136515,-0.14430960613212954,-0.37699297951009697,0.37949231994367205,0.14861299198706515,0.4819342495915451,-0.6879260353454413,-0.2357034470857473,0.5147782266077896,-0.606975335036791,0.5063298032102799,0.3369922697868918,0.4962273221434692,1.1588550226415246,0.9797064713712667,1.236351218178498,0.13776474210917591,0.368485870100322,0
2.58126600897501,0.10867388112635987,2.5131889609246842,3.0341709916365414,-0.1777090792272547,0.4570108159527206,0.9723337844961548,1.351969949417553,-1.070404203186427,-1.0773414233363305,3.900568043387085,-0.8361774800223487,4.024237937416847,4.143249069671384,-0.4053705068077322,0.4389197386266918,0.2267341179388061,1.5802758075304428,0.15200970286660845,-0.3127629246946189,2.9984083981478804,-0.30794204000363434,3.0914417797393448,3.3686310692475954,-0.5455896223050132,0.6403095659844311,0.45482450063430996,1.6547997298728403,-0.032859613845384925,-0.602295568481213,0
-0.8705015597462415,-0.9748004094552879,-0.84086108361742,-0.8146829165193541,0.5633481651183572,-0.22841465555337376,-0.4235017288665993,-0.37876822342116273,-0.10324560194592038,0.8707399679143187,-1.0057118210924907,-0.6934232009518816,-0.8320060906541203,-0.8000058114360497,0.1433716780291018,-0.35291046166327467,-0.13783113650265225,-0.22560572101758725,0.32022571583278225,-0.3058826141938268,-0.8973606240434349,-0.9360701782478844,-0.8140932178287628,-0.7786224753417551,0.4211811863145539,-0.21988014230371353,-0.22047545311074218,-0.10327546590303655,0.5712428356153576,0.3453595120615634,1
-0.9164103553402068,-1.419759050351242,-0.9573644966520047,-0.8355734162884135,-1.5480649349149405,-1.2376956879189038,-1.0485137056323912,-1.072771202519384,-1.2952418115928914,-0.7227714441838932,-0.47773033775429596,-0.8062600243827425,-0.5663202760748753,-0.574145169288638,-0.277011691473079,-1.0294193467791648,-0.9084167256319912,-1.2536660257512124,-0.49339051014646534,-0.3925745265038073,-0.8065212827734731,-1.2050419251031046,-0.8641945852637873,-0.7254979636689624,-0.6691950224938167,-1.05915781810768,-1.1752005248402018,-1.1082912022940066,-0.29417619503705494,-0.3878511575763585,1
-0.7815532682829345,-0.10045668009473807,-0.8125673975947347,-0.7496575580832671,-0.6494955232489047,-0.9956483683889661,-0.7917772607738013,-0.6809811380385375,0.7425720677736365,-0.43254427978112664,-0.5480121785930696,1.4331169329374174,-0.4806908523914984,-0.6047851788822791,-0.14634307740489705,-0.6109646581066578,-0.5514839949904154,-0.25334002721518334,1.5423665447298798,-0.3020984434183911,-0.8065212827734731,0.051214351385394964,-0.8280267342160179,-0.7444457061655918,-0.9031623871369082,-0.9731996380709708,-0.9188575658098893,-0.775602456247268,0.5189795193770235,-0.751040098594139,1
-0.5233162930668807,2.3646141904688474,-0.594123498154888,-0.5454602786504874,-1.410054274024664,-1.2977384338488103,-1.0864713905421062,-1.2432317060724036,-0.37090942147742595,-0.42569929948860835,0.2324633255362749,4.522740592509104,0.064756846413574,-0.09003301770910813,0.11796389196028875,-0.9165072512814272,-0.963340965525265,-1.8171767016751006,1.227676724555065,-0.23054321421015328,-0.5814874600819769,1.9355987661181433,-0.6563776706368522,-0.56807232741192,-1.6792277211794646,-1.2464542485837065,-1.2589467532176817,-1.6927883636818992,-0.7999006374609333,-0.8829654592243313,1
0.5842334006375275,-0.32516079374719525,0.6366518438319058,0.46022603417550856,0.6158522208918311,0.989890186080645,0.5767876828479924,0.7625512683401732,0.6890393038673354,0.33409351298089957,-0.2512666283849141,-0.9460594930196681,-0.34638168784702367,-0.0929511138608835,-0.9227654231181086,0.17765324928152376,-0.1659667144316318,-0.3883871886432516,-0.4178649533045098,0.0037313583418178368,0.8141351467019817,0.22841926696059905,0.7553543514080336,0.6752183274370054,0.5447865865033569,1.9649409259560688,1.1233488695591773,1.063353070234194,2.060747348407875,2.053556412651704,0
1.6171813015017429,0.10644908792188054,1.6227700184460707,1.633624809936208,0.7808649676084659,1.534027571070427,1.882581179903882,1.276934208630705,-0.2567061918106501,0.5832507956285583,1.6233496325060794,-0.771910353092824,0.786741918702869,1.593124842634911,0.49512102802072255,1.3496047762826977,1.0719987144434686,1.2887504298852546,-0.6879260353454413,1.1878327955281385,1.8608521017899504,-0.035805919655999933,1.5587549771412643,1.8652073889075618,1.7102089311406434,2.0567350220348746,2.5755825493520486,2.014103575603318,-0.27726747507759414,2.3899398023063774,0
1.8782875764424194,-0.4430748335846226,1.7933643018181424,2.013184594472643,-0.09970305350666403,0.0836199897011116,0.7893015821807009,1.0701978055662509,-0.8348600419987023,-1.085555399687352,0.9621797223931718,-0.9981380269108346,0.7890879303106325,1.1323574602695838,-0.2542436753854411,-0.34327358295791993,-0.16087836523170998,0.12422473215663846,-0.9064924195395851,-0.7207653373915904,1.8794328761406245,-0.4186951122381367,1.7662754339727258,1.8882280106324387,1.0568661015712553,0.2938020509849665,0.6196970645921319,1.4300499992101547,-0.36949685667465415,-0.718978556767678,0
-0.7442523718628377,-0.19834758109184827,-0.7663821159988815,-0.7161150654963264,-0.17545890540839132,-0.8112045582355332,-0.7624184041607855,-0.7078905071483038,0.10374775182511042,-0.46129319700970284,0.003396585024716281,-0.6557493679242292,-0.05254373397461346,-0.32756604446362136,-0.19847853453311104,-0.7876407677048248,-0.5906942152956955,-0.3713684098401811,0.2561434251790017,-0.8067692186514918,-0.6805849232855714,-0.5310303712188464,-0.7144833985496611,-0.6566131801999079,-0.6162212795557579,-0.9256612386447284,-0.8928393201003809,-0.7251816285130734,-0.29110188231715245,-1.0175188150862011,1
-0.7930304671814256,-1.1527838658136698,-0.8283785750779997,-0.747892163736586,-0.14995693546127564,-1.2088001164401359,-1.0682050224318322,-1.1569923529542776,0.5320098630755183,-0.6159897516206115,-0.6699208037516832,0.15146790738885169,-0.7088404812465233,-0.6164575634893805,0.47664263815249464,-0.8760858989339678,-0.91883287575889,-1.2919582780581211,0.33166898202095724,-0.7496626414949173,-0.8395537705080047,-1.0800491721527377,-0.8849466309469332,-0.7467477683380794,-0.28072090761472057,-1.1166659074391703,-1.236564738028339,-1.528514053967265,-0.26343306783803494,-1.0706043187660792,1
-0.23351702087997597,0.20878957532795017,-0.18220071635403445,-0.3106628305419019,0.623352800288042,0.759100881412565,0.12313806999499152,0.3501134379462558,0.6033868816172532,0.6996154606013664,-0.09334940575952147,-0.6889909853015697,-0.20327497977343462,-0.20092067147657136,-0.6300809264552873,-0.2083572810829562,-0.30933843600589994,-0.31069961503293925,-0.3995557274034296,-0.1682764041779847,0.22987301989745437,0.34550108617993,0.17429707227994126,0.04870325310920344,0.9156027870697657,0.7004924501685488,0.3961027655260445,0.5133076767702525,1.2445173212738951,0.9708223772007221,0
-0.35402760931413435,-1.3396664949899704,-0.3694383444453317,-0.42953271655176223,1.3209066841356323,-0.2777622873645159,-0.6196778544355791,-0.36350233133004534,-0.9347878679571309,0.28070266669925825,-0.7406364831141529,-0.2880601446004259,-0.6801018390514173,-0.6316316634786122,-0.3535650209271652,-0.27849234277192547,-0.3940444844516576,-0.22402990816545115,-0.9911725893320807,-0.24051966443630182,-0.45968016156089186,-0.7493721421954375,-0.4275122525312973,-0.49617715494807385,0.9906489228986822,-0.20711407596162806,-0.4499419256876561,0.015013866024692877,-0.8414038591796105,0.06836881464279243,1
-0.2163012225322389,-0.7745690210521089,-0.21673565664642921,-0.38480939310250795,0.9008742379478366,0.9448581266332146,0.3495329350066571,0.5646121590231425,0.4891836519504783,0.8638949876217995,-0.4595091197590584,-0.3360758141454731,-0.7264355683047515,-0.7369749345577022,-0.0618704380072848,0.5561684295418389,0.22793137657408197,0.36217247282919757,0.07533981940583584,0.2741275610229475,-0.1520651195330667,-0.4155307387457224,-0.31307954347851996,-0.46890657228937366,0.9420896585387944,1.3491302019307045,0.9354393172127282,0.8326888729751217,0.9186401729642835,0.9130064821038248,1
0.7879536810857479,0.02635653256060892,0.6949035503491984,0.6750156796883748,-1.6005689906884144,-0.5800399864053913,-0.4538433087135236,-0.5262522656573817,0.13943626109597784,-1.3730445719731124,0.3773653924507835,1.5919379937402658,0.4137260730684323,0.2449644205147014,-1.1676040888721262,0.06682914416994637,-0.04863536817461069,-0.0680244358039719,-0.6272767245481136,-0.7868163181991947,0.40329358050374503,0.35657639340338027,0.3877466850208733,0.269701221668021,-1.9652859330449803,-0.5238341028295597,-0.40883671111187037,-0.44542735850399345,-0.6185161869867158,-1.2882023239489462,1
1.3072969312424778,-0.3874550034726283,1.3315114858596089,1.251122701488638,1.0583864052682594,1.228184833989963,1.3383981891270627,1.3674945854424183,0.36427386950244234,-0.30385865028178605,1.0281231779949842,-0.9874268390892471,0.8911394352483559,0.9730294103826501,-0.22685606183074652,0.7804935505164815,0.69905264955508,0.8538260826956768,0.4117718453381826,-0.09328101971935084,1.3529776028715277,-0.7113996602864648,1.2860138053056285,1.217088346499491,1.5733600952173248,1.5308946703251605,2.058831280399313,1.8233620278698548,1.3367467028709552,0.40054741192678306,0
-0.770076069384443,-0.9836995822732072,-0.7559800255493649,-0.7320036146164561,-0.38997547614001593,-0.40516548888453735,-0.32719485194356845,-0.6323372784939602,-2.2766758165417444,-0.07386731245317812,-0.24953127429012972,-0.1661742142168446,-0.5111890032924272,-0.4507097020685409,0.12357340317028634,0.6380818985373528,0.8071052413887142,0.8806149011819915,0.1108139445891783,0.33639437105511594,-0.804456752290065,-1.2841512624134634,-0.8330665167390678,-0.7304562514250897,-0.8899189514023932,-0.5846248949347289,-0.5145358343067481,-0.7618513214106695,-1.7191201407116306,-0.5234557115308988,1
-0.8647629602969961,-0.1138054393216172,-0.7655499487629203,-0.8508735006263163,1.9359541946249053,2.1063099932148526,0.9883030370471675,0.4041909200995361,1.395671787430509,2.2986028569335915,-0.783152658436374,-0.3157614924148764,-0.6185190343476188,-0.7069185441944161,0.13974199430498574,1.0776306439315804,0.4099146891359921,0.29283670733520695,-0.3778135216458971,0.21633295281629364,-0.6248426002335494,1.1081150978517897,-0.4583438632605428,-0.6580298338445156,3.8026717771939524,4.1382117437158685,2.5362841573949786,2.0392400586379607,1.8824372106535594,2.947074791421931,0
-1.8371686369716695,1.3567828688395118,-1.8040946592426488,-1.413445832435358,-0.683248130531853,0.3144092943691916,0.05004802947304852,-0.8903049804404692,0.8282244900237177,2.026172641291371,-0.7475778994932911,0.5189724550605587,-0.7792208294794358,-0.772867517224539,2.8009601065774254,2.0991397866991637,1.8059182578674884,0.3322320286386105,0.0421543474601279,1.2882853288397034,-1.5666814067643804,0.9609717304545222,-1.5632420669903393,-1.1618272862081664,1.206958373229087,0.29927322227443176,0.2736905331080451,-0.9534800391335909,-0.21424406431960244,1.175806005271539,1
-0.4974925955452753,-0.17832444225153038,-0.5279662028959629,-0.5416352575660117,-0.826509196999476,-0.6565944874660227,-0.7618042021395928,-0.7461846093429712,-0.7242256632590127,-0.28058571728722503,-1.1801149076183364,-0.5606414070946166,-1.1291284607773995,-0.8459074639034758,-1.162984491405069,-0.7972776464101794,-0.6140407586835721,-0.9413399184578275,-0.9351005850100228,-0.8428908487806503,-0.6145199478165085,0.26480956212336365,-0.6421476964541232,-0.5942804198371644,-0.6118068009775863,-0.3700333988034815,-0.3839929001045273,-0.44454018851453564,0.08242711315094009,-0.6506506807440726,1
-0.09005203464883499,-0.7901425734834673,-0.13851193646606463,-0.1909102473587013,-0.571489497528314,-0.6747949448260258,-0.9568747640704255,-0.9861178591072619,-1.4272892958951,-0.579026858041014,-0.15452063760067633,-1.3198430128626502,-0.31588353694609483,-0.2589907848969007,-0.181320029655471,-0.7389209920277545,-0.7316414881335304,-0.9257393712216795,-0.9625644238616431,-0.4273200945328074,-0.20574291210168044,-1.3157949973376069,-0.2763187768398036,-0.30652264827620385,-1.1062284017327986,-0.9122872643815911,-1.10008187446709,-1.2030705295010997,-1.6453366354339827,-0.8477503231198582,1
2.010275363775069,0.26218461223546435,1.9306718957517597,2.1573584661182656,0.07881073612314884,0.26937723492176113,0.8445797640880528,1.7452607287141366,-0.8955305077591762,-0.8350291209811901,1.1817020153834155,0.30105518558688305,1.0371786578316493,1.2744687428610433,-0.4997422836347526,-0.24690479590437436,-0.010023777186968456,0.492964939556498,-1.1891410943875094,-0.5508216680220256,1.943433321126279,0.9894510918862515,1.8077795253390174,2.02281010687018,0.2004572574059768,0.32176581535334425,0.7281064217150836,1.6784575962583863,-1.0166396842140242,-0.5245069096235699,0
-0.6983435762688724,-0.5053690433100564,-0.7489066040436937,-0.6760994603048882,-1.5135622696923714,-1.254207443049628,-0.9844401507815584,-0.9425712550575153,-0.4779749492900282,-0.7391993968859369,-0.16710195478786427,-0.9706213547484807,-0.3217485659655041,-0.35557976752066456,-0.1314943712607855,-0.983537096498671,-0.7852786749938828,-0.8250449299701793,0.16917460214887114,-0.3915424799286885,-0.6165844782999167,-0.9613851661871993,-0.699956966571459,-0.59711372712638,-1.44261166938947,-1.1696754781548777,-1.1213572108024692,-1.0626019478369213,-0.3049362895567116,-0.8398663374248262,1
-0.2995109145463004,-1.2239772483570224,-0.37401526424311893,-0.3536207596444752,-0.9202664394521092,-1.2345059170413775,-1.0304684502497468,-1.014786686966513,-1.2559844513949365,-1.0307955573472076,0.024220834162130812,-0.6823426618261015,-0.12116457350170322,-0.15189665612674558,-0.934974359281045,-1.1056042267664956,-0.8786049856136255,-1.0574773256602619,-0.7394207331922292,-0.5274286123193325,-0.3172275582057243,-1.331616864799679,-0.3931231482563695,-0.3670845915831876,-1.3534392021104051,-1.2079128863890292,-1.1765556418042387,-1.1705409632209745,-1.264121858166135,-0.9686381037770064,1
-0.34541971014026557,-1.384162359079566,-0.4081341209175328,-0.39687292113816214,-1.9680973811027362,-1.2356317185275631,-0.8088520769629611,-0.9402425596537856,-1.6699711589369983,-0.9445488056614798,-1.0356466792275238,-1.3462516311124264,-0.9727667871199455,-0.7451456037826732,-0.7426011219028884,-0.6377337656215316,-0.4688731491563904,-0.8866592124887029,-0.5139883892851804,-0.5934795931269367,-0.5463904418640372,-1.625903599594214,-0.587599462086996,-0.5360205387026684,-1.5935868367629369,-0.8660862623816625,-0.7232238467684298,-0.8993626697766548,-0.9536162734560334,-0.7925624232546378,1
0.40059821826166736,0.13982098598907677,0.44525337956080213,0.27633078972956143,1.5159217484371095,0.9955191935115737,1.2364406536090582,1.1147017621708641,0.44278858989834985,0.6475936103782282,1.1066479507839844,0.24565248995798247,1.1151835437897941,0.8373379393250964,0.09486590462500417,0.2097761782993723,0.5248515181224619,0.7655805629760521,-0.24736028710070146,0.1464978012332538,1.0185236645593954,0.5685894173951421,1.0340246791531393,0.8487583989014615,1.5821890523736681,0.8153870472473185,1.2493747472146086,1.4433575490520243,0.39600701058094345,0.9287744534938881,0
0.23130953450892106,0.7093680463358986,0.43277087102138184,0.10067405223479257,0.2760759742434894,2.2395298357468336,2.270756857297731,1.26943063455202,0.8424998937320651,0.8584190033877853,-0.6026758325787824,-0.596653159253402,0.40610153534320015,-0.4092727367133309,-0.005445354659660793,1.9685065420265795,1.409027020273585,1.7031892099970627,-0.6513075835432812,0.680409896094721,0.017226380106407962,0.27746705609302136,0.538940160712367,-0.08322261754489844,0.425595664892725,2.746710512428545,2.8149865463319,1.9667878428322263,-0.0974201809633266,1.64358915651007,0
-1.6856696115115848,0.30223088991610014,-1.598965435578183,-1.3148779814123304,-0.13045542903112825,0.5133008902620084,0.5362503494492677,-0.6822748577072764,1.4884619115347648,2.724360631128217,-0.8608097541779819,1.4109558546858572,-0.8976944156715053,-0.8172225787315242,1.7978475137307774,1.5418069682394917,1.35724558429791,-0.20669596679195337,0.2755969776988993,2.7431269842321933,-1.48120984475128,0.6176372065275644,-1.456813718415347,-1.1154318793472608,1.35705064488692,1.0567264919048405,1.1716813746098267,-0.5277863058586751,0.6035231191743284,3.383321999880336,1
-0.7327751729643466,-1.9181127281547108,-0.7476583531897516,-0.7111131148473965,-0.7365022442449477,-0.8153324970182143,-0.918548557947995,-1.0127684842832805,0.10017890089802309,-0.23403985129810204,-1.131091154440673,-1.5471787405932387,-0.977458810335473,-0.8397502810232298,-0.9428936692245711,-0.640410676373019,-0.6631283627298769,-1.0817448435831585,-0.04138149571354987,-0.6378575958570457,-0.8106503437402895,-2.0483474608315304,-0.7705139218941558,-0.7293937611916338,-1.017938830169368,-0.574898368197902,-0.8829469662629117,-0.9956206136328445,0.7080497516509968,-0.5197765182065508,1
-1.2386327144153497,-0.523167388945895,-1.2149202561820336,-1.0609554278813664,0.5933504827031996,-0.3584447272078284,-0.5540810785721882,-0.7831849918688998,-0.7884649799465739,1.0870413451578902,0.04808195296541819,0.4174008464075741,-0.015594051152334521,-0.4477916059167655,2.266406685389409,0.2119177069005621,-0.14860646422013377,-0.20512015393981728,1.387882451189516,0.2861681043993335,-1.07697477609995,-0.6876668590933573,-1.053631116571364,-0.9078921204122173,0.6374906366449588,-0.4903991671717167,-0.6717294021350277,-0.904094243053764,-0.6092932488270092,0.023692895704281614,1
1.209740740605302,-0.16942526943361147,1.1193088406894716,1.1481413645989076,-0.7432527657015379,-0.34643617802184695,-0.08298812831731174,0.26110552473702886,-0.6564174956443652,-1.158112190788044,-0.5822854219650642,-1.3338783624219719,-0.561041749957407,-0.2712467887343571,-1.357997498764401,-0.8662884055835239,-0.5407086672729339,-0.7583880463248202,-1.1433680296348092,-0.9354310250163042,1.0412334998768857,0.0860224598019527,0.9480519184658194,0.9390700687452092,-0.39108287206900977,-0.07702178085656587,0.33918785303649496,0.6301183920488851,0.4252129814200126,-0.7804736451889233,0
-1.2357634146907264,0.133146606375638,-1.2311475172832793,-1.0483034350634852,0.49584295055246147,-0.940671729146895,-1.0025836784875937,-1.0378666458568124,-1.6235760968848707,0.8474670349197567,-0.24692824314795273,1.560543132883889,-0.3762933358460113,-0.5300819173968302,1.3688848917897762,-0.5745586718864295,-0.8044647446241763,-0.9898749543036208,-0.3057209446603939,0.6401600796650873,-1.103813672384257,0.0749471525785024,-1.1387145038722635,-0.909485855762401,-0.029095628658943638,-0.9874854742156856,-1.166392264573962,-1.3407297395319948,-1.530049908437658,0.29700439979870386,1
-1.3453706641713186,0.5247102103640772,-1.335584505396425,-1.1168595821929344,0.6458545384766745,-0.779682116622332,-0.8350170830657743,-0.9179905813514788,0.7853982788986776,0.4518271740122107,0.16608603141076655,3.102584827888287,-0.008556016329043258,-0.3806753944259325,2.560081095795171,-0.4615930381736621,-0.5541778269197858,-0.45031663373220254,1.1166770425297667,0.26965535919743266,-1.1182653857681146,0.8581295919510553,-1.1410861662360516,-0.9213503300359915,0.8979448727570803,-0.8381224980132845,-0.9815543106793296,-1.1353498869724747,-0.08819724280362076,-0.06250534789472867,1
0.044805052408437705,0.5291597967730367,0.08034804659176242,-0.05232679114423546,0.18306878973047702,0.12489937752792253,0.5337935413644965,0.20521683504751445,0.2857591491065338,-0.19981494983551154,-0.4595091197590584,-0.3305355445825832,-0.06837931232701887,-0.38826244442054847,-0.3641241008518667,0.24564678236930318,0.4778591166878896,0.012342019654971855,-0.045958802188820105,0.07425454097493699,-0.07774202213037044,0.7188971582848238,0.26619898887673166,-0.14183666209054643,0.5447865865033569,1.0129571215891187,1.0835987719474283,0.4467699275609047,1.0170181800011469,0.9024945011771167,0
0.09071384800240286,0.08642594908156263,0.1802081149071212,0.0006350392561973168,-0.6164929739055781,1.209421475886867,0.5866149151870772,0.4649957445302577,-0.32451435942529855,1.2609038445878487,2.122263934756633,1.056378602660894,0.9304351296783989,1.1349837468061816,0.2575417297149374,4.338643321393503,2.0178330363112917,2.549400711594176,2.2987664397682517,6.554819001671016,-0.10251638793126931,-0.5832425338436836,-0.1636648145598674,-0.19903405299158672,-1.431575472944041,-0.06060826698817013,-0.25616019983038035,-0.18312076495425386,-1.01049105877422,0.19766618004130784,1
-0.19908542418450184,0.26218461223546435,-0.12727767878058696,-0.2768261055638476,1.1108904610417345,0.8210199631527816,0.6885724507050818,0.8712237205142291,1.1101637132635707,1.4429803203688296,-0.005714023972902486,-0.49378882103574334,0.1873359529192301,-0.1326372215250282,-0.5172307597600393,-0.14518218734785407,0.0698932367176862,0.284957643074526,-0.41557630006687485,0.06840627704926353,0.029613563006857035,0.6081440860503216,0.18022622818941167,-0.06250405799250941,1.109839844509314,0.780736295747372,1.0474623195731116,1.3398543836152612,1.007795241841441,1.4018135951957729,0
-0.13883012996742292,1.2544423814334422,-0.15182661224144606,-0.2003256838743336,-0.06820062004257904,-0.3383679340375157,-0.02697290398452857,-0.08173018747874303,-0.6992437067694064,-0.5475399486954305,0.28018556314284965,0.1699354725984852,0.05126727966893262,0.14370648404809697,-0.3661039283377485,-0.5611741181289925,-0.17105506363155365,-0.2538127710708244,-0.6902146885830764,-0.49921933926608486,0.14935633104453358,1.4957508506725488,0.040891064316858794,0.04746368117017153,-0.25423403614569184,-0.3821915572245154,0.1725084664599571,0.05789374884849475,-0.4279087983527916,-0.5392236829209621,0
1.7520383885590152,1.6660291242621994,1.7475951038402688,1.7160098794479923,0.2445735407794044,1.1962871252146998,0.9293396430126589,2.0298790558366644,0.2500706398356664,-0.34355953597839173,2.53441053226796,1.2816828982184225,2.553875162250915,1.9079874174114704,0.48093226437190495,1.1445534127187644,0.803812780141706,2.179084691342181,1.8787985706622266,0.16507463958539256,1.6358182790984543,1.2647515857263008,1.5646841330507342,1.4012533202985058,-0.19684581462946202,0.5132568104846276,0.4137192860585242,1.4891946651740193,0.5251281448168277,-0.41570790703213634,0
-0.6180031839794338,-0.24506823838592365,-0.6652737968295813,-0.6272568833800446,-0.9885217119576256,-1.0438701987139227,-0.8442301133836663,-0.8941861394466855,0.22508868334605903,-0.22034989071306546,-0.7141723331686888,-1.043568237326533,-0.7352331118338655,-0.6053687981126342,0.07539760101383566,-0.9091725158223518,-0.570939447813646,-0.556526419966179,-0.08257725399098043,-0.4028949922549953,-0.6537460270012647,-0.7098174735402579,-0.6981782197986178,-0.6242072280795042,-0.788385944104448,-1.0219538533393164,-0.8432420392166307,-0.7618513214106695,-0.22192984611935743,-0.5334420934112725,1
-0.4774074974729155,-0.5209425957414149,-0.5450256312331704,-0.510446624107979,-1.5165625014508555,-1.2872309533110768,-0.921619568053959,-0.8036257626349722,-1.1881762837802892,-0.971928726831552,-0.0612453550060075,1.850483906675135,-0.1680848056569783,-0.2058814349345894,0.12390337441793331,-0.7801454176006601,-0.6652534968074912,-0.052266307282610475,1.561820097249777,-0.29074593109208413,-0.6950366366694289,-0.8870223891154615,-0.7548016587340594,-0.6442174608095895,-2.1264144011482413,-1.2769104354283962,-1.1579001982659973,-1.2740441286577373,-1.580776068316041,-1.3092262858023636,1
-0.4888846963714065,-0.4141525219263858,-0.46014457316511537,-0.5528160884283253,0.6308533796842528,0.49829020377953176,-0.3626957287685122,-0.4980491768788767,-0.09253904916466035,0.43403022525166296,-0.5688364277304842,-0.6001619966432323,-0.3850908793751255,-0.5548857346869207,-0.0879381665713918,0.6257681090805108,0.46049886647639166,-0.1609973940800049,-0.26338085976414627,1.0588269736382867,-0.43077673479317663,-0.4250238592229658,-0.35547300823123257,-0.4944063378923141,0.46091149351809707,0.620856512510777,0.1892215756830787,-0.2431526009075764,-0.16966652988102413,1.4491175093659612,1
-0.20769332335837062,-0.6566549812146808,-0.232962917747675,-0.28624154207948027,-1.8480881107633655,-0.5609013611402336,-0.09244683944368075,-0.5187486915786969,-1.3666188301346263,-0.6132517595036044,-0.9892259571920375,-0.10707800554601773,-0.9094244737103241,-0.6873672999775213,-0.35059527969834303,0.3928768737011089,0.520361798240178,-0.18148296115777487,-0.9843066296191756,0.09283137932707544,-0.41426049092591083,-0.48514695557883847,-0.4515253339646522,-0.43844851893030573,-1.3137088949068614,-0.02474169964612035,0.23529555246033304,-0.36528633612295697,-1.3548140834032438,-0.4178103032174779,1
1.7778620860806205,-1.112737588133034,1.8058468103575616,1.9013762858495071,0.3383307832320376,0.5564566138991289,1.3457686133813764,1.455467522916654,0.014526478647941894,-0.5311119959933869,1.5847380038971235,-0.7695095696155717,1.5626852579707298,1.640689809908849,1.4876745409426693,-0.040247285889548845,0.7391608138368168,1.1532305246015455,-0.357215642507182,0.4502635098432251,1.295170749336097,-1.4471164972728023,1.3334470525813908,1.231254882945569,0.2269441288750056,-0.3171454096719844,0.5478758654981767,0.7099636911001026,-0.8690726736587283,-0.39153035090070654,0
-0.7557295707613286,-0.26286658402176144,-0.7534835238414809,-0.7287670583142074,-0.5444874117019557,-0.49166456973980965,-0.6756930787683624,-0.8545983175832795,-1.40587619033258,-0.038273414932084554,-0.2781646168540745,-0.2566652837440491,-0.17512284048026958,-0.44604074822570033,-0.1087263551731479,0.06201070481726892,-0.2985631082884184,-0.5869396080124069,-0.19929856911036614,-0.13593894482426186,-0.74045630730441,-0.6655162446464569,-0.7272310837550225,-0.6904357859649192,-0.788385944104448,-0.475809377066476,-0.7051556205812712,-0.8782184516945731,-1.1088690658110842,-0.4125543127541235,1
-0.10152923354732603,-0.3184864141337557,-0.14891402691558114,-0.19355833887872287,-1.2262900788175035,-0.7389656295386139,-0.7325681859308155,-0.8993610181216405,-1.1846074328532028,-0.9459178017199829,-0.6156909882896664,-0.8136470504665958,-0.7041484580309958,-0.4886449520416204,-1.367236693698515,-0.5054943744980551,-0.43056087282756716,-0.8987929714501514,-0.8458431087422573,-0.6296012232560951,-0.19129119871782282,-0.5310303712188464,-0.2973672803184235,-0.2723458791000406,-1.551649290270307,-0.45453259982966676,-0.5524791092997811,-0.8028090025906457,-0.8905928626980425,-0.7405281176674309,1
-0.44584520050206466,-0.28288972286207936,-0.5109067745587559,-0.46748869500540585,-1.6073195121450046,-1.4380883524599681,-1.071804246276022,-1.102242136573253,-0.988320631863432,-1.4866712448289123,-0.17708024083287519,-0.4529755019224533,-0.2607522641636465,-0.28933898487536425,-0.3954713693783246,-1.106567914637031,-0.939608306227512,-1.2472051930574544,-0.02879390290655741,-0.9454074752424526,-0.5257451370299547,-0.7651940096575088,-0.6047940142244603,-0.5206144303175584,-1.7361744948378774,-1.3003148903888864,-1.242771173723628,-1.4510345415546022,-1.0704401568123092,-1.5252474938462242,1
-0.1244836313443086,-0.9325293385701724,-0.14267277264587158,-0.2065045640877175,-0.983271306380278,-0.5190590725703295,-0.5645225129324658,-0.6038754457817074,-0.046143987112532904,-0.5119460511743361,-1.0920456873080213,-1.2119924320383908,-0.9809778277471186,-0.7839562826012852,-0.5838849517847181,0.23975757871603082,-0.23211525403061564,-0.500427482430132,-0.2862673921404963,0.36529167515844274,-0.35645363739048075,-0.9772070336492706,-0.27454003006696287,-0.3943551742418878,-0.21008925036397638,0.32358953911649946,-0.09851492634742164,-0.13432641553406555,0.7034382825711435,0.6386437799167315,1
-0.8245927641522764,3.21893478098908,-0.8699869368760658,-0.7767269380657105,-1.3492995809153583,-1.2647149235873618,-1.0254565617568134,-1.0767558590990995,0.14300511202306418,-0.6064067792110861,-0.7289228429743574,0.8292275505824016,-0.7534147017940346,-0.6640225307633185,-0.865350426027544,-0.9930668987739663,-0.8668718509879235,-1.2784062875297502,-0.17412338349638082,-0.43764056028399556,-0.8065212827734731,2.525754422453421,-0.8532256468312671,-0.7239042283187787,-1.4267195465080524,-1.1448120441838634,-1.154241382463098,-1.2489076456230948,-0.028248144765531585,-0.5865275970911504,1
-0.5835715872839596,-0.09823188689025875,-0.6257458531214184,-0.604600989264304,-0.8947644695049924,-0.8481683736986322,-0.9942182469589477,-1.0236098551073112,-0.8919616568320898,-0.3052276463402901,-0.6460596849483958,-0.08491692729445749,-0.7123594986581689,-0.5893192692778698,0.06549846358442778,-0.7710439210456032,-0.7887806565020643,-0.9512675394262852,-0.09859782665442526,-0.3619571447752824,-0.5422613808972204,0.19677553203645504,-0.6130948324977185,-0.5615203043056088,-0.14828655026957552,-0.7414651385660657,-1.0554081852193404,-0.9397289042969924,-0.07589999192401327,-0.1786627371348584,1
1.4278075196766367,1.2166208969572858,1.522909950130713,1.3335077710004224,-0.37347420146835264,2.1738580823859976,1.5017759267643471,1.3341166179889583,1.802520793118398,0.09862619091827737,2.5561024584527665,0.864315924480705,3.552103101354392,1.94592266738455,-0.14304336492842792,4.028121674220968,1.946895462171205,2.339817602260068,3.7360406730030404,1.3209668037184656,1.6151729742643717,1.1634916339690413,2.080520697174653,1.3658369791833105,-0.33369465055277936,2.961909916480844,2.0123055979673796,1.9934029425159654,2.6756098923882754,1.0286382722976193,0
0.297303428175246,2.329017499197171,0.2085018009298058,0.2021842271689554,-0.9442682935199833,-1.0712647015444428,-0.5108412562802153,-0.5345320715373096,0.16798706851267156,-1.3374506744520178,0.3305108318916012,0.7922924201631345,0.15801080782218332,0.20907183784786476,-0.04966150184434843,-0.5938324292971386,-0.21834677972494484,-0.3852355629389794,1.2391199907432406,-0.7073487319150458,0.20509865409655623,1.755229477050525,0.08535973363788628,0.09155702585858944,-0.7707280297917619,-0.963594692918354,-0.5601581054293235,-0.7205979169008738,0.4667162031386893,-1.1867617080062085,0
-1.3402059246669973,1.8996324107325755,-1.3497313484077675,-1.1165653498018209,-1.092029707625333,-1.0025908108871118,-1.0864713905421062,-1.2432317060724036,-0.22458653346686996,-0.29016868969675047,0.6315947673367178,3.193075897415491,0.4952499764382226,-0.265702406045984,1.5206716657073613,-0.7560532208372738,-0.963340965525265,-1.8171767016751006,1.0709039777770668,-0.16586829550270746,-1.1925884831708107,1.3327856158132092,-1.207196254626646,-0.9723498612418725,-1.1018139231546271,-1.1282161579391523,-1.2589467532176817,-1.6927883636818992,-0.6984483177041675,-0.7641800747525247,1
1.6372663995741028,0.4935631055013603,1.5811616566480047,1.7042405838034518,-0.1469567037027915,0.5151772260723178,0.4760585513723737,1.0055118221293127,1.0316489928676622,-0.9445488056614798,2.444172119339165,-0.022127205581703495,2.177926802106774,2.5149514169807423,-0.05857072553081541,0.33880327652106407,0.06809734876477247,0.8806149011819915,-0.19586558925391334,0.08216689805084776,1.9537559735433203,0.44676103793718946,1.8700356623884566,1.9997894851453033,0.13424007873340368,0.4032254767742712,0.37487259975613324,0.9982939376739426,0.21615971646667675,-0.08825970116516486,0
-0.6180031839794338,0.31557964914297926,-0.5753997353457582,-0.6172529820821852,-0.7305017807279794,-0.03834183796901203,-0.27891857307781437,-0.2623334532346742,-0.7741895762382276,0.6777115236653075,-0.5107020655552021,0.3546111246948201,0.24891875762302862,-0.47580532897380884,-0.08661828158080392,1.402607609162148,0.34975244271338696,0.7561256858632356,-0.22447375472435105,1.44790853245808,-0.6248426002335494,0.2331658271992202,-0.44529972025970815,-0.5907387857256449,-0.9119913442932509,0.14668833409045692,-0.19066287990193054,0.015013866024692877,-0.7138198813036775,0.8189242528097833,1
-1.1603008319331463,-0.4030285559039868,-1.1354482851477274,-1.0003435553119822,0.36833310081688,-0.5607137275592025,-0.7780191354990825,-0.7839612236701431,0.30360340374196754,0.08219823821623462,-0.5640642039698265,1.508833950296915,-0.5839153631331034,-0.6234609942536412,0.2710705508684614,-0.5820540219905942,-0.45749919212127105,-0.5497504247019936,0.0364327143660406,-0.3537007721743318,-1.0542649407824598,0.1619674236198973,-1.0447373827071587,-0.8777882304643014,0.35054952906380854,-0.711069742513481,-0.7823972875313742,-0.7318354034340081,-0.0543798028846991,-0.39888873754940257,1
0.030458553785323403,0.26440940543994446,0.02958584519812189,-0.09528472024680879,-0.48598289241151243,0.14366273563101847,-0.4645304238822782,-0.45199275667177674,-1.0668353522593395,-0.3586184926219314,-0.19139691211484772,-0.3323823011035464,-0.014421045348452514,-0.21025857916225238,-0.9485031804345686,0.4025137524064635,-0.11897431299705961,0.3101706487087045,-0.524287328854538,-0.3653973000256785,0.037871684940489744,0.22841926696059905,0.14465129273258961,-0.09066004917908951,-0.7486556369009042,0.5211596134582993,-0.12426214866412279,0.2870793294584701,-0.6077560924670583,-0.29692252256032975,1
0.09932174717627112,-0.9258549589567332,0.09449488960310502,-0.0314362913751758,0.29332730685477343,-0.019578479865916085,-0.04392487976944971,0.18813973542016277,-0.28882585015443113,-0.26005077640967017,-0.6564718095171029,-0.8468886678439361,-0.3833313706693026,-0.4965238116514138,-0.42087915544713767,-0.12804995853833478,-0.03127511796311266,0.5355118865641743,-0.7028022813900688,-0.4397046534342332,-0.08600014406400353,-0.9439811119789198,0.040891064316858794,-0.1997423798138906,-0.029095628658943638,0.09927151624842506,0.14269589325114546,0.6715196582235903,-0.3664225439547516,-0.3889023556690297,1
-0.6466961812256619,-0.142727750979854,-0.5729032336378741,-0.6184299116466391,1.133392199230366,0.9092077462373326,0.4097247330835514,0.09757935860844935,1.770401134774617,2.0918844520995457,0.39298357930384425,-0.31022122285198617,0.4113800614606685,0.08125922640010456,-0.47202469883241077,0.46997190334394523,0.29527717480834137,-0.17202808404495806,0.23440121942146916,0.6401600796650873,0.11425931282659418,0.3644873271344163,0.36106548342825706,0.01594313757764794,1.387951994934121,1.9473115962455698,1.883117780729196,0.5931529758214696,2.815491121143816,2.9418188009585755,0
1.5770111053570233,-0.26509137722624154,1.6227700184460707,1.6571634012252894,1.2158985725886833,1.1906581177837712,1.994365947760972,2.0842152819236923,0.7925359807528504,-0.25868178035116707,1.494499590968328,-0.2769796054746458,1.1838043833168839,1.7174357387005403,-0.965001742816915,-0.13875760154428443,0.24259779485620953,0.23610744465830533,-0.4373185058244074,-0.16793238865294505,2.1602090218841425,0.09076902004057441,2.006406248306274,2.394681688579729,0.5094707578779848,0.7746572165368552,1.8171687551460673,1.629663246838198,1.0969503107185994,0.42052017568752964,0
-0.03840463960562382,-0.5098186297190158,-0.011190349363982412,-0.14236190282497127,1.035884667079628,0.46451615919395917,0.11601332654915508,0.11413897036830555,0.3678427204295287,-0.19296996954299325,0.14352642817856745,-0.7168770087681162,-0.12351058510946697,-0.07223263118327854,-0.20804770071487194,0.07646602287530091,-0.029778544669018057,0.29756414589161523,-0.007051697149024872,-0.38225406075261914,0.025484502040040675,-0.5927356543209265,0.026068174543182967,-0.0950870918184889,0.8361421726626782,0.41963899064266674,0.19057669264711571,0.3388309121768517,0.2130854037467751,-0.24488821697312216,0
0.22270163533505227,-0.5943607714892469,0.2888059392000736,0.09331824245695468,1.5309229072295303,1.158760409008508,0.9895314410895534,1.0655404147587912,1.2564866012741267,0.6804495157823155,0.15046784455770554,-0.45999317670211404,0.1263396511173725,0.08651179947330018,0.001154070293277698,0.014361693440793672,-0.06210452782146258,0.1856814333899486,-0.533441941805078,0.026780398519471303,0.5251008790248302,0.24582332116887792,0.5893379859428645,0.3812626961808857,2.451841332273461,1.1600708384836282,0.8658766463921675,1.3043675840369422,1.007795241841441,1.1705500148081844,0
0.9199414684183979,-0.5031442501055771,0.886302014620302,0.8162472274228623,0.3758336802130908,0.017948236340275803,0.46868812711805985,0.9180563725225721,0.028801882356288264,-0.9007409317893639,-0.3584247437378591,-0.6300794522828387,-0.3405166588276141,-0.1338044599857383,-0.7340218694640683,-0.5531433858745305,-0.26533918115951705,0.17149911772072302,-0.7714618785191195,-0.4968112305908076,0.7398120492992858,-0.11491525696635883,0.7019919482228011,0.6061564622623749,0.4123522291582106,-0.10133809769863358,0.2669149482878606,1.0530027536905175,0.32068634894334513,-0.16289476574479583,0
-1.3769329611421695,-1.2106284891301438,-1.3206054951491213,-1.1562867226021454,3.0985440010375553,0.36319402543724083,-0.677167163619225,-0.6168126424690951,1.3992406383575964,1.9508778580736725,-0.16536660069307968,-0.12554557075565126,-0.2261485929491313,-0.5423379212342867,2.7976603941009563,0.0020479039839516777,-0.3057466601000728,0.6726076047000197,2.207220310262851,0.03262866244514462,-1.1760722393035448,-1.2620006479665629,-1.1674709100331946,-0.9794331294649115,2.328235932084658,-0.2885737373825548,-0.8074217808005888,-0.6190169531079363,1.1553622523967368,0.29385080552069104,1
0.7592606838395193,0.5002374851147998,0.7656377654059102,0.6435328138392286,0.023306448591190767,0.5714673003816056,0.569417258593679,0.31388928722157033,0.3250165093044876,-0.8418741012737083,0.30187748932765635,-0.5139184671142439,0.1374832062542504,0.20352745515949147,-0.3977811681118531,-0.019902764178244856,0.14262669881068638,0.06591965662760102,0.8248737547313029,-0.3925745265038073,0.7728445370338174,0.506884134293062,0.7790709750459153,0.6185521816526931,1.0612805801494265,0.7679702294052866,1.1843291329408379,0.9879436211302662,2.972281069858818,0.11041673834962712,0
0.04767435213306046,0.06862760344572405,0.25510316614364,-0.06144799526875451,-1.3065462783569575,2.2545405222293105,2.6024259487418426,0.7744534892925695,-0.36020286869616597,2.050814570344436,-0.12632113356042762,0.5392867767911554,0.3668058409131572,-0.2616170714334985,-0.5555074244870827,2.628632733343367,3.3318243885264,1.7945863554209596,0.5696889187349985,3.1559456142797195,-0.19954932065145553,-0.33009265445053493,-0.006542182958903689,-0.30227268734238044,-1.8880325579269783,0.9856012651417925,1.804972702469735,0.5325296932085084,-0.8168093574203942,1.2599018526852077,1
0.19113933836420144,-1.023745859953843,0.1319424152213647,0.05271417248328968,-0.5279861370302924,-0.47552808177114714,-0.5204228078108228,-0.3303831078103331,-1.0133025883530384,-0.4914111102967822,-0.21308883829965442,-1.4771866684487278,-0.1387596605599315,-0.2671614541218717,-0.7422711506552414,-0.5515372394236381,-0.4081122734161473,-0.1357843884458264,0.10852529135154337,-0.3519806945491339,0.20716318457996405,-1.2477609672506982,0.20690742978202833,0.0019536828371456982,-0.45288557216341124,-0.34206963443510374,-0.28732789000322884,0.1569610643379678,0.27610881450476593,-0.12400043631597395,1
1.6343970998494795,1.2855894862961592,1.6102875099066516,1.592432275180316,0.4283377359865658,1.0461802603899328,2.039816897329239,1.7297360926892718,1.41708489299303,-0.21624290253755524,0.4485149103369495,0.0018806291908202992,-0.005036998917397496,0.732870097091539,-0.6429498051135173,0.3441570980240386,0.45990023715875383,-0.17360389689709416,-0.5609057806566983,-0.20026984800666806,1.3137515236867712,1.228361290563535,1.2296868241656602,1.2560463217262057,-0.21008925036397638,0.7837758353526305,1.3035794257760844,0.8681756725534403,0.5773914610551618,0.022116098565275213,0
-0.06422833712722965,-0.6967012588953165,-0.13227068219635507,-0.1679601208518469,-0.6269937850602731,-0.9048337151699819,-0.9019651033757893,-0.7029743724070966,-1.3594811282804524,-0.5311119959933869,-0.5970359317707326,0.30474869862880977,-0.6079619821126819,-0.5099470539495804,-0.4433172002871286,-0.9327828686504703,-0.8060810437817985,-0.8650705764144376,-0.5998128856964933,-0.5914154999766991,-0.23877539983621202,-0.03738810640220736,-0.31070788111473185,-0.32812661635647294,-0.7486556369009042,-0.9505854634078478,-1.020220314719849,-0.871268953443819,-0.8721469863786304,-0.6884938120802233,1
-0.7413830721382149,1.0208390949630661,-0.7147877473692797,-0.7275901287497534,-0.23846377233656132,-0.019578479865916085,0.27951390459067793,-0.18108785803787986,-1.4879597616555749,0.40938829619859785,-0.6642809029436334,3.150600497433334,-0.4912479046264353,-0.6199592788715109,0.4020691361842903,0.2386868144154359,0.7541265467777634,0.17937818198140398,-0.6638951763502736,0.3205696569032941,-0.7817469169725743,1.7947841457057043,-0.7393858533694366,-0.7180605320347714,-0.10855624306603116,-0.033252410540844116,0.38074477326695966,-0.26547971230893525,-1.25643607636638,0.162451043936834,1
1.2958197323439868,0.20211519571451061,1.2649381069827028,1.3040845318890708,-0.10420340114439075,0.06485663159801566,0.7438506326124337,0.7571176457314703,-0.38518482518577335,-0.7830072707580528,1.9999214710743234,1.2022723678169984,1.6764668209472717,1.6144269445428712,1.2434958176839452,0.09948745533809236,0.5574768159337254,1.1942016587570854,0.25728775179781915,0.14133756835765993,1.0412334998768857,0.22841926696059905,0.9688039641489661,0.9266743493548909,0.06802290006083055,-0.2764155789615209,0.2976309328060303,0.5103504434720592,-0.9044272699376013,-0.5266093058089116,0
-0.15317662859053668,-1.2106284891301438,-0.12935809687049013,-0.2632914155726262,0.6983585942501485,0.30127494369702434,-0.12094581322702663,-0.09156245696115758,0.5605606704922131,0.04386634857813298,-0.5857561301546331,-1.2925110163523927,-0.44726018698086484,-0.5014845751094318,-0.37303332453833365,-0.11894846198327771,-0.20188447348990357,-0.4997971572892777,-0.25880355328887644,-0.30553859866878713,-0.26561429612051873,-1.3743359069472727,-0.18145228228827864,-0.341938989391399,0.23577308603134892,0.07677892316951222,-0.09490128110999006,-0.3487258296530749,0.20847393466692177,-0.1292564267793284,1
1.829509481123831,0.2955565103026614,1.7892034656383349,1.9072609336717774,-0.31721985599677277,0.528311576744485,0.7843879660111583,1.3830192214672836,1.2886062596179069,-1.1663261671390655,1.9161906360009697,0.9935888809481398,1.4043294744466768,1.8146083405546598,-0.6742970736399753,0.29597270449726587,0.2617539330206212,0.8601293341042218,0.8557705734393755,-0.37399768815166856,1.4376233526912647,0.21101521275231963,1.327517896671921,1.3552120768487521,-0.9958664372785101,-0.022917975882965135,0.13772713104967665,0.6922202913109431,0.4467331704593268,-1.0706043187660792,0
-0.7385137724135922,-0.9814747890687274,-0.7418331825380223,-0.7193516217985749,0.41333657719414413,-0.47027434150228026,-0.5548181209976196,-0.48537072412523674,0.27862144725236015,-0.14094811931985599,-0.5887929998205063,-0.29544717068427934,-0.6378736301116699,-0.5718106923672177,-0.10542664269667851,-0.7003734772063364,-0.3332836087114145,-0.23190897242613187,-0.4476174453937649,-0.35163667902409423,-0.7466498987546345,-0.731968087987158,-0.7808899447357291,-0.6868941518533996,0.29316130754757874,-0.6016463167241763,-0.4440697521768296,-0.27213348722987013,-0.4079257656734283,-0.3226768758307652,1
1.8409866800223231,1.884058858301217,1.7767209570989158,1.9661074118944806,-0.3149696821779094,0.07986731808049231,0.8224684913251121,0.9146927013838515,-1.2738287060303704,-0.9294898490179402,0.5730265666377399,-0.01658693601881323,0.5826389088274224,0.9277989200301323,-0.6472394313329274,-0.25386476385824164,0.07138981001178069,-0.09796487999455894,-0.8813172339256,-0.316203079945015,1.693625132633884,1.8295922541222633,1.6447277378285834,1.757187548506217,-0.4396421364288962,0.11507712219576902,0.6138248910813056,0.6182894588561122,-0.7568602593823054,-0.04989097078267819,0
0.9974125609832138,-0.95477727061497,0.9695187382164341,0.8953957406323979,0.20107018028138288,0.23560319033618854,0.1265776013136712,0.8145587990234714,-0.23529308624813,-0.16695904443142415,0.9040453602178896,-0.6934232009518816,1.1034534857509757,0.667796552906949,-0.44694688401124466,0.26599130408060717,0.05642407707083431,0.3164739001172491,-0.16382444392702328,-0.022069806036152537,0.7728445370338174,-0.996193274603757,0.8205750664122078,0.6150105475411737,-0.2983788219274072,0.14608042616940528,-0.13465137872173882,0.46007747740277444,-0.2665073805579366,-0.26486098073386866,0
-0.3396811106910201,-0.6700037404415599,-0.3815047693667705,-0.39540175918259457,-1.228540252636367,-0.9284755463798827,-0.6107105049261643,-0.6281973755539961,0.08590349718967671,-0.8268151446301687,-0.857772884512109,-0.5344174644969371,-0.7510686901862708,-0.6555600519231701,-0.5555074244870827,-0.5081712852495426,-0.26863164240652526,-0.49034228017646064,-0.2462159604818836,-0.5690544908491247,-0.4927126492954231,-0.6038109615443767,-0.48650735383052696,-0.4942292561867381,-0.9958664372785101,-0.6478473187241048,-0.4621379783639882,-0.47514755315083546,0.14545052390893093,-0.7746920556792336,1
1.2499109367500216,0.5714308676581525,1.1858822195663776,1.2481803775775029,-0.11170398054060161,-0.11358290396242669,0.3298784703284875,0.5283880082984572,-0.40302907982120706,-0.7446753811199511,0.8849564651752598,0.007420898753710153,0.5820524059254815,0.8793585239106613,-0.32353763739129515,-0.596509340048626,-0.10879761459721594,-0.3756231045409488,-0.6593178698750038,-0.5508216680220256,1.2910416883692808,0.8818623931441634,1.1377849075688702,1.2578171387819654,0.6286616794886155,-0.1803661274353535,0.5320661675844129,0.3462239954223348,0.27610881450476593,-0.4272710860515156,0
-0.2822951161985639,0.7115928395403779,-0.19468322489345416,-0.3571515483378375,0.33083020383582673,0.8472886644971156,-0.01714567164544368,0.07687984390862929,0.1608493666584979,1.4224453794912757,-0.8625451082727665,-0.5091169001597391,-0.7522416959901527,-0.6748194865248873,-0.5710160731264882,0.270274361282987,-0.2072721373486443,-0.50862170926124,0.5101839345564881,0.13480127338190745,-0.3543891069070722,0.5290347487399626,-0.22947844515498805,-0.42569863612883563,0.11658216442071702,1.112654020641596,0.1693465268772042,-0.027866016799108995,1.8424711452948337,1.2283659099050819,1
-0.6553040803995301,-0.43417566076670366,-0.6835814760207303,-0.6528551014069206,0.36833310081688,-0.8916993644978146,-0.7974279193687751,-0.841402376962144,-0.31023895571695115,-0.67211859001926,-0.8937814819788881,1.3444726199311765,-1.033763088921803,-0.6929116826658945,0.280309745802575,-0.8879713826705717,-0.4976073564030079,-0.8338694819421418,1.2253880713174303,-0.6254730369556198,-0.7631661426219003,0.10500870075643899,-0.8197259159427599,-0.6909670310816471,0.14748351446791808,-0.9554487267762612,-0.8613102654037892,-1.056096034580896,0.4159900432603068,-0.970740499962348,1
-1.1287385349622954,0.05527884421884571,-1.1221336093723462,-0.9976954637919606,0.3383307832320376,-0.5273149501356919,-1.0247440874122298,-0.954473476009912,-0.049712838039619255,0.08219823821623462,-0.6412874611877383,1.647340689369166,-0.6601607403854255,-0.6249200423295289,1.9562337126013007,-0.1682036198106455,-0.8384070269342431,-0.7011860397922779,0.5765548784479037,-0.5257085346941344,-1.159555995436279,-0.4645785278781453,-1.1662850788513006,-0.9427772164106845,-0.25423403614569184,-0.8338671425659229,-1.2135503349224457,-1.3627611276035343,-1.02586262237373,-0.8834910582706673,1
0.20548583698731573,-1.0326450327717622,0.12320465924377051,0.08802205941691153,-0.8302594866975809,-0.9941472997407184,-0.6668485696631861,-0.5857633704193648,-0.5208011604150693,-1.2635248872928226,-0.7536516388250369,-1.0614817755798776,-0.6431521562291382,-0.5105306731799355,-0.09024796530492,-0.716970323865558,-0.5197566411556087,-0.1531183298193242,-0.5586171274190629,-0.6973722816888974,-0.1355488756658009,-1.3031375033679498,-0.1636648145598674,-0.21160685408748084,-0.8104583369953057,-0.9487617396446927,-0.7616188274161417,-0.5165488193255409,-0.9151873644572583,-1.1988504860719236,1
-1.5846702612048615,-1.3886119454885255,-1.54653889971262,-1.2636815453585786,0.5858499033069887,-0.503297851763729,-0.7713857536702005,-0.8525283661132974,-0.4529929928004208,1.1705501047266107,-1.1506138880069994,-0.9578787347538334,-0.9997459206092286,-0.9034815009780035,0.302087848147272,-0.4144794089474843,-0.42427526499236956,-0.6636816939114374,-0.544885207993253,0.040885035046095045,-1.4025512333334267,-1.165487256447925,-1.3020627491781713,-1.069744799308659,1.4056099092468064,-0.20468244427742122,-0.46665503491077787,-0.43418987197085923,0.08242711315094009,1.0864541673945158,1
1.1839170430836967,-0.10490626650369753,1.1234696768692787,1.1069488298430155,0.12531432837965556,0.16054975792380477,0.3016251773536188,0.8137825672222281,0.007388776793768212,-0.830922132805679,0.05285417672607561,-1.1961103259581058,-0.132894631540522,0.31178882239035677,-0.7129037096146653,-0.46962377042812425,-0.24259126708927825,-0.016022611683479092,-0.9076367461584028,-0.4661938488622827,1.1506536154975218,-0.12915493768222341,0.9984497436963177,1.071881347927191,0.49181284356529814,0.11629293803787226,0.4814751342603687,0.9332348051136917,-0.18042662440068077,-0.11821884680628429,0
-0.758598870485952,0.36230030643705385,-0.7443296842459064,-0.7334747765720238,1.080888143456892,-0.17869175658016956,-0.5225110946828784,-0.6654565020136725,0.13229855924180417,1.0049015816476725,-0.28987825699387004,1.8024682371300875,-0.408550995452763,-0.39672492326069697,1.118106743578115,-0.444460809364143,-0.18931325781950845,-0.634371574861705,-0.2885560453781316,0.05842982682311514,-0.6516814965178565,1.0036907726021154,-0.6726828493878955,-0.6279259438965997,1.0347937086803976,-0.5445029721453173,-0.4662033292560989,-0.7868399427804023,-0.2572844423982308,0.22499733045075043,1
1.1007073510696352,1.1432027212094538,0.9778404105760474,1.0242695279401175,-0.5429872958227131,-0.6168161682874593,-0.3864039267865542,-0.015750484373066073,-0.9526321225925646,-1.041747525815236,0.1270405642781145,0.43402165509624446,-0.005036998917397496,0.22161965130049874,-0.5073316223306317,-0.7319610240738873,-0.4778525889209584,-0.4742689890846719,-0.7428537130486818,-0.3629891913504012,0.9607168110239657,1.4039840193925317,0.8265042223216778,0.779696533726831,-0.03351010723711469,-0.4654749424085972,-0.31939899148543544,-0.013079850308142819,-0.6538707832655883,-0.24961860839014136,0
0.027589254060700643,0.9941415765093087,0.0487256916252326,-0.11794061436254928,-0.08695206853310566,0.5151772260723178,0.2831991167178348,0.4287715938055724,1.5348569735868922,0.22183583618360272,0.12487137165963381,1.194885341733145,0.4459837326751837,-0.21055038877742996,1.286392079878046,0.6284450198319983,0.14053149619895403,0.7466708087504186,2.7816722729092396,0.33089012265448214,0.12251743476022689,1.429299007331847,0.23062405341990957,-0.12111810253815741,1.043622665836741,0.9041416037208655,0.43223921790036174,0.927320338517305,2.7586163358256286,0.9655663867373677,0
-0.7126900748919868,-0.7389723297804325,-0.6756758872790978,-0.7137612063674182,0.9758800319099421,0.2562428842495941,-0.21467304166104767,-0.07966023600876092,0.2893280000336202,0.06713928157269496,-0.6347798833322963,-0.8570458287092345,-0.6490171852485476,-0.6514747173106846,-0.3621442733659852,-0.2843815464251978,-0.17584409817265656,0.23768325751044142,-0.2519375935759713,-0.6275371301058575,-0.7487144292380428,-0.972460473410649,-0.7497618762110095,-0.7154043064511317,0.40793775058003834,-0.24419645914578125,-0.2191203361467053,-0.05891696643013801,-0.21885553339945577,-0.5234557115308988,1
-0.5147083938930119,-0.7656698482341896,-0.5354557080196151,-0.5504622292994171,-1.1242821990290388,-0.5744109789744626,-0.6142728766490825,-0.8152692396536211,-0.49225035299837555,-1.0910313839213672,-0.6668839340858103,-0.6694153661793579,-0.6372871272097288,-0.5805649808225437,-0.32518749362953,-0.17355744131362022,-0.3296918328055873,-0.803456293895914,-0.04939178204527249,-0.7159491200410361,-0.6021327649160592,-0.9851179673803067,-0.6098337967475098,-0.5896762954921889,-1.0002809158566817,-0.5603085780926612,-0.616169606609515,-0.9808344471418784,-0.6876882231845104,-1.1126522424729133,1
1.7319532904866553,1.9819497592983273,1.6435741993451036,1.7954526250486416,0.15081629832677124,0.0048138856681088,0.6824304304931538,1.2901301492518402,-0.18889802419600257,-1.0102606164696537,1.6207466013639025,2.336180871688496,1.4248570760146098,1.774922232890515,-0.4000909668453816,-0.06059180760085283,0.21895193680951397,0.8270372642093623,-0.1947212626350959,-0.4500251191854214,1.5325917549280432,1.9672425010422874,1.4164552353139759,1.507502343644091,-0.6912674153846744,-0.39495762356660086,0.19328692657518945,0.7143995410473923,-0.5493441507889208,-0.938678958135887,0
0.36616662156619323,0.7605382900389334,0.3537149836050567,0.22778244519583138,-0.28421730665344624,0.008566557288727832,0.29179794501453393,0.6929491501620275,-0.3138078066440385,-0.23814683947361223,-0.34280655688479833,-0.6587041783577705,-0.40972400125664477,-0.2560726887451253,0.9570807747264158,-0.04934878244460593,0.3928537535833132,0.9609813566409352,0.4609778899473354,-0.5724946460995207,0.03374262397367339,0.0037487489991795135,0.008280706814772141,-0.08641008824526614,-0.2895498647710639,-0.34936452948772406,0.026607539998651567,0.4896498103847068,-0.5739386525481367,-0.8382895402858205,0
0.32312712569685137,2.509225748760033,0.48686174135886817,0.19453418500000394,0.675856856061517,1.9805954939241097,2.045958917541167,1.1964648452351538,1.1529899243886108,1.2061440022477043,-0.5714394588726609,0.012961168316600416,-0.24139766839959556,-0.45421141745067134,-0.7775780741534624,1.2355683782693354,1.2393156087232513,0.7167303645598317,0.07877279926228822,0.8035674540588996,0.2587764466651696,2.685555283820346,0.6367712332186269,0.06251562614412946,0.4167667077363817,3.2494503631382945,4.026009406526204,1.790832461589729,1.7825220472567445,2.978610734202056,0
2.6156976056704844,1.6971762291249162,2.571440667441977,2.9988631047029197,-0.05244940331053758,1.2206794907487246,1.3089164921098086,1.957430754387294,0.371411571356615,0.052080324929153404,2.889724283175094,-0.43303053149604903,2.6236690075818867,3.431233608638201,-0.1826399146460589,0.1749763385300363,0.38267705518346956,0.8869181525905363,-0.547173861230888,-0.25909650278844043,3.043828068782862,1.3755046579608026,2.9283899922289107,3.655503432280676,0.6992933367393609,0.9448714344313291,1.3699801570138919,2.1412646074256267,0.2668858763450601,0.13354309638838574,0
0.15670774166872783,-0.9125061997298545,0.1693899408396238,0.003283130776218889,1.3059055253432106,0.5770963078125343,0.1377560780993801,0.5845354419217192,1.1101637132635707,0.10273317909378853,0.5187967511757229,-0.8509515321900555,0.6102045452186465,0.13261771867135058,-0.48621346248122865,1.004283289340826,0.3644188609955145,0.7403675573418742,0.4106275187193652,0.35600325598237337,0.015161849622999417,-1.1987131781182758,0.06460768795474046,-0.13475339386750743,-0.20126029320763306,0.3144709203007241,-0.08270522843365785,0.3728390951060738,0.3406693816227076,0.026320890935958463,1
-0.6839970776457582,-0.5943607714892469,-0.7064660750096664,-0.6684494181359367,0.6983585942501485,-0.7916906658083135,-0.6452286585171996,-0.5704974783282474,-1.6628334570828256,-0.4462342403661622,0.24721383534194352,2.419284915131847,0.2841089317394849,-0.1122105484626009,-0.13314422749902033,-0.61899539036112,-0.16656534374926965,0.24241069606684995,-0.8115133101777322,-0.03411034941253882,-0.6062618258828755,-0.0532099738642788,-0.6243602287257124,-0.5896762954921889,-0.22774716467666306,-0.9384273049868139,-0.7864626384234847,-0.6624882825913767,-1.8712986203467796,-0.5676060314230751,1
-0.5032311949945208,1.6727035038756388,-0.43892430864810145,-0.5101523917168655,0.570848744514568,0.6033650091568689,0.24634699544626687,-0.06284188031515707,0.4927525028775646,0.9118098496694266,0.05806023901042912,1.1284021069784644,-0.07717685585613301,-0.11016788115635814,0.6983833165712277,0.7007216101221573,0.16298009561037372,0.264472075996756,-0.2176077950114459,0.6418801572902852,-0.12729075373216783,2.1397008563788704,-0.1636648145598674,-0.19620074570237106,2.041294824503508,1.2974580286413107,0.7398507687367366,0.4645133273500642,0.43904738865957177,1.9063886796777834,0
0.12514544469787647,-0.0003409858931485518,0.10614523090656357,0.026233257283073293,-0.8932643536257509,-0.4717754101505279,-0.0033875463707250396,-0.48640569986022775,-1.1846074328532028,-0.718664456008383,-0.6005066399603017,0.2881278899401398,-0.45723073631386085,-0.44283084245874743,-0.9353043305286919,-0.26136011396240616,0.04804326662390416,-0.4228974901050334,-0.7714618785191195,-0.5088517739671937,0.0069037276893667045,0.40720636928201,0.026068174543182967,-0.08711841506757,-1.0311822659038827,0.04699143503797955,0.4480489158141255,-0.2742035505386054,-0.7045969431439717,-0.5045341458628234,1
-0.8762401591954876,-0.9814747890687274,-0.8749799402918338,-0.8182137052127162,-1.1940375874137978,-0.6070592220738493,-0.6508793171121733,-0.706596787479565,0.7068835585027691,-0.034166426756573394,-0.9879244416209491,-0.308374466331023,-0.8754073053977498,-0.7743265653004267,-0.5561673669823763,-0.33899052575554034,-0.4476218083802463,-0.7204109565883389,-0.21531914177381098,-0.6416417666324813,-0.8622636058254951,-0.7889268108506169,-0.8149825912151833,-0.7660496742458608,-1.0046953944348533,-0.3584831483034995,-0.5574478715012497,-0.6941306788820444,0.41906435598020847,-0.5970395780178586,1
-2.0408889174198896,-1.315193769740693,-1.9934127054238493,-1.4925943456448936,1.590927542399216,-0.5153064009497105,-1.0864713905421062,-1.2432317060724036,0.4463574408254372,2.1178953772111138,-0.7280551659269651,0.5725283941684958,-0.7158785160698146,-0.8282238012237173,1.058711919001668,-0.7774685068491727,-0.963340965525265,-1.8171767016751006,0.6761112942850267,0.10108775192802616,-1.7211082869233156,-0.9930289011113427,-1.684196847543534,-1.2298266611493414,1.1539846302910295,-0.8326513267238195,-1.2589467532176817,-1.6927883636818992,0.004032138793439249,0.5040904240548624,1
-0.4085443040819678,-0.4541987996070216,-0.4347634724682951,-0.4733733428276761,0.5258452681373039,-0.4972935771707383,-0.6942419798083849,-0.6980582376658893,-0.34949631591490593,-0.3928433940845219,-0.78922639776812,-0.4570383662685726,-0.7082539783445824,-0.6012834635001487,-0.05692086929258086,-0.848460179978618,-0.5655517839549052,-0.7969954612021559,-0.012773330243112172,-0.6956522040636993,-0.5278096675133629,-0.7462077687030225,-0.549059948675439,-0.5406246630476438,0.271088914656721,-0.8265722475133025,-0.7982069854451379,-0.8644673168579746,-0.371034013034605,-0.8067535975056946,1
0.27434903037826347,-0.06041040241410227,0.2313863999187426,0.15039932633297662,-0.27296643755913047,-0.32223144606885323,-0.16688812441224807,-0.1215767532758969,-0.8705485512695698,-0.487304122121271,-0.025670596062924603,3.387266985674121e-05,-0.08421489067942428,0.008015012990543456,-0.6696774761729183,-0.48514985278675116,-0.07527437280949564,-0.3322882511072045,-1.048388920272956,-0.7183572287163132,0.2711636295656187,0.35499420665717285,0.1950491179630875,0.15459811304363683,-0.338109129130951,-0.28614210569834797,0.035641653092230864,-0.03673771669368874,-0.9951194951747104,-0.772064060447556,0
0.5526711036666766,0.8673283638539617,0.4577358881002218,0.43256818941083786,-1.0297748986367847,-0.6839889902965428,-0.6812208969590976,-0.38342561422862226,-0.988320631863432,-0.78574526287506,-0.05387010010317332,-0.020280449060739936,-0.18040136659773795,0.06696055525640532,-0.9742409377510289,-0.8615770426609062,-0.6337955261656216,-0.6209771656185478,-0.6959363216771639,-0.2628806735638761,0.6035530373943431,1.275826892949751,0.4915069134366041,0.4786576342476723,-0.6250502367121012,-0.6204914622767789,-0.5999082030410724,-0.2178682562080242,0.028626640552655083,0.015283310962914383,0
-1.4495262441751267,-0.09823188689025875,-1.316028575351334,-1.195419630620243,0.2918271909755319,1.7648168757385063,1.3396265931694484,0.02668352076156521,1.8738978116601328,3.3842167313269598,0.3183633532281093,1.3167712721167264,0.5838119146313043,-0.4089809270981534,0.9448718385634794,2.170345612688728,2.1106205805451603,2.1649023756729555,1.6281910411411922,1.4004343900026146,-1.281363293957364,-0.3823048170753721,-1.1443472019862602,-1.0316722326098242,-0.44847109358523957,0.7150822402737894,0.8229646091976659,0.00022769953372669938,0.31607487986349175,1.1179901101746417,1
-1.5559772639586333,-1.0882648628837566,-1.5511158195104071,-1.2463218342828812,-0.3307208989099519,-1.1329961497036283,-1.0864713905421062,-1.2432317060724036,-0.2959635520086048,0.620213689208155,-0.7441071913037219,-0.7584290304897916,-0.7850858584988453,-0.7836644729861078,0.7228011888970998,-0.9291422700284476,-0.963340965525265,-1.8171767016751006,0.7356162784635369,-0.14006713112473707,-1.4461128265333403,-1.3885755876631372,-1.4485129001420884,-1.0987861990231194,-0.7089253296973604,-1.1343560279417744,-1.2589467532176817,-1.6927883636818992,-0.5186010235899008,-0.30217851302368415,1
-0.7155593746166096,-0.21837071993216617,-0.741417098920042,-0.7005207487673101,-0.8032574008712227,-0.8367227252557436,-0.6728677494708755,-0.7834437358026475,-1.031146842988472,-0.5639679013974733,-0.9124365384978218,-0.7985036469946963,-0.8625042415550491,-0.7390176018639449,-0.08991799405727331,-0.44713772011563024,-0.3407664751818878,-0.6357898064286275,0.06389655321766044,-0.3571409274247279,-0.7218755329537361,-0.2842092388105269,-0.7275275415504958,-0.6810504555693925,0.0856808143735172,-0.46425912656649393,-0.4187742355148076,-0.46731088491062356,0.4313616068598168,-0.2942945273286522,1
-0.09292133437345776,0.6559730094283837,-0.044477038802435725,-0.18208327562529583,1.8159449242855346,0.4420001294702439,0.6148682081619462,0.4453312055654286,0.10374775182511042,0.829670086159209,0.9856070026727629,1.68796933283036,1.2506657141381508,0.3351335916045597,2.2499081230070628,0.43463668142431217,0.43296191786504984,1.4289977737253725,0.710441092849552,0.17195495008618467,0.025484502040040675,1.2963953206504435,0.12982840295891376,-0.1289096975835003,1.829399852751274,0.33453188169542974,0.46160008545449444,0.7809372902567402,0.23153128006618676,0.47833607078442614,0
-0.3511583095895116,0.0441548781964467,-0.37567959871504125,-0.4165864913427676,-0.33222101478919447,-0.45620182292495826,-0.8657271841254143,-0.7024568845396011,0.20010672685645164,0.10410217515229162,-0.11026910818367075,-0.7916706478671319,-0.10356948644347519,-0.3418647156073205,-0.3535650209271652,-0.6286322690664745,-0.7518452276038081,-0.7925831852161747,0.17718488848059377,-0.49130698219017394,-0.3750344117411547,-0.2272505159470686,-0.35814112839049433,-0.4476567676202565,-0.47937244363244064,-0.5590927622505578,-0.9370161331279837,-0.7488394948986193,0.5896887119347693,-0.3615712052595871,1
-0.06422833712722965,0.30223088991610014,-0.08026022994877251,-0.19414680366095005,-0.0006954054766833647,-0.02520748729684476,-0.6334359797102977,-0.6302673270239781,-0.6599863465714516,0.5709298311020249,-0.5202465130765169,-0.27882636199560934,-0.4091374983547039,-0.44049636553732713,-0.22553617684015895,-0.19497272732551932,-0.18063313271375947,-0.3893326763545334,-0.6616065231126387,-0.07126402611681602,-0.2511625827366611,-0.16870960633740287,-0.23866863681466713,-0.33839735527987946,-0.25864851472386285,-0.32504821264565636,-0.6369480667247476,-0.6806752673752653,-1.0458456550530935,0.036307272816331365,1
2.1566096497308327,0.6537482162239043,2.192804575079576,2.225031916074374,1.5684258042105834,1.9805954939241097,2.3653439685614224,2.798348539067489,1.2743308559095603,0.458672154304728,1.0077327673812657,-0.5117023592890877,0.8119615434863294,1.2482058774950648,-0.5828950380417772,0.6370111342367579,0.44882559478245326,0.2124702518762632,-0.02650524966892249,0.07631863412517459,2.0569824977137317,0.4625829053992609,1.9204334876189542,2.127288313160006,0.7919973868809628,1.9120529368245716,1.9269332292330557,1.8884211604301058,1.3813242373095336,0.8657025679336364,0
-0.4687995982990467,0.122022640353239,-0.468882329142709,-0.52810056757479,-0.8460107034296234,-0.03271283053808309,-0.24747142959274318,-0.4413842553881189,-0.08540134731048667,-0.03005943858106318,-0.12024739422868168,-0.2917536576423526,-0.11412653867841195,-0.2887553656450092,-0.14898284738607248,0.4458797065805589,0.44702970682953974,0.39368872987192066,0.7688017504092449,0.2906403062248484,-0.5794229295985684,-0.4345169797002087,-0.5659580430174296,-0.5815305370356942,-1.2033469304525728,-0.2514913541984016,-0.3988991867089331,-0.5653431687457292,-0.3756454821144575,-0.34632883291585975,1
-0.13883012996742292,1.189923378503529,-0.1638930371628849,-0.23004315537679873,-0.24071394615542469,-0.4601421281266085,-0.43725985414131796,-0.4450066704605874,-0.1567783658522215,-0.19296996954299325,-0.6981203077919318,-0.35639013587607016,-0.5991644385835679,-0.5365017289307361,-0.9547726341398605,-0.7292841133224,-0.42577183828646425,-0.7330174594054282,-0.8527090684551624,-0.8053931565513335,0.1287110262104518,1.554291760282214,0.1772616502346767,-0.05488954465274234,0.6551485509576455,0.18984979648512704,0.4557279119436678,0.2722931629675039,0.8310222604470759,-0.2748473626142416,0
0.4838079102757289,0.7939101881061297,0.5825609734944199,0.38784486596158374,1.4784188514560561,1.3520229974703961,1.5337144318663727,1.2094020419225415,1.0387866947218358,1.451194296719852,0.6945013532726575,-0.23265744897152532,0.4835199183994038,0.595719577958098,0.566724788760105,0.7708566718111266,0.8175812544473767,0.37320316279415044,-0.6558848900185512,0.7492130011026419,0.8100060857351653,0.7410477727317244,0.6842044804943903,0.6946973150503627,2.350308324975516,1.4305898633516312,2.063800042600782,1.3147179005806187,0.529739613896681,2.153420231455435,0
-0.32533461206790576,-0.23394427236352464,-0.3128509723999613,-0.36950930876460497,-1.6710744370127941,-0.4531996856284628,-0.5881078705462692,-0.7560168788253858,0.24650178890858007,-0.5092080590573289,-0.6777298971782136,0.18655628128715518,-0.2208700668316629,-0.5254129635539897,-1.1062294368097982,0.6300511662828908,0.0698932367176862,-0.13893601415009885,0.6452144755769541,-0.034798380462617975,-0.4410993872102175,-0.19086022078430342,-0.32345556632009287,-0.45651085289905535,-1.72028237195646,-0.15422608683013073,-0.5344108831126226,-0.715718481958855,0.42675013777996346,-0.6180635398712756,1
-0.36263550848800263,-0.8034913327103457,-0.3665257591194667,-0.42335383633837853,-0.4042265769928169,-0.38377526064700795,-0.3696976318101101,-0.4468178779968217,-0.3566340177690786,-0.49004211423827815,-1.0499633505094963,-1.3120866354746041,-0.9258465549646704,-0.7754938037611367,-0.6957452047370253,-0.3962764158373701,0.029785072435949356,-0.4997971572892777,-0.5345862684238954,-0.5219243639186988,-0.44935750914385064,-1.0230904492892787,-0.4150610251214096,-0.48502100749678745,0.015049157122771788,0.023283026116963455,0.31118210244639927,-0.2462576958706793,0.11778170942981259,-0.3263560691551132,1
-0.5290548925161261,-0.31181203452031614,-0.558756390626532,-0.5604661305972766,-0.693748941686547,-0.6821126544862331,-0.6092364200753015,-0.6400995965063927,0.5891114779089068,-0.05880835580963846,-0.7458425453985066,-0.3983115089019381,-0.7563472163037394,-0.6333825211696774,-0.4829137500047593,-0.5215558390069794,-0.36650753584031587,-0.5685025976424137,-0.30800959789802923,-0.45484133653597575,-0.5525840333142618,-0.09434682926566568,-0.6113160857248777,-0.5586869970163932,-0.4661290078979256,-0.4764172849875278,-0.3812826661764535,-0.4786962331086674,0.2822574399445701,-0.1529083838644222,1
-0.2995109145463004,-0.16720047622913137,-0.2749873631637213,-0.40834798439158915,0.930876555532679,0.5114245544516985,0.09316501136078298,0.20651055471625326,0.8210867881695441,0.31492756816184875,-0.3527848429298095,0.5762219072104224,-0.10767500675706182,-0.485726855889845,0.27239043585904893,0.7472998571980378,0.5667555703571122,1.1390482089323202,0.9061209446673457,0.6566728248669881,-0.4287122043097685,-0.15288773887533086,-0.38541524557405793,-0.5108749365108798,0.09009529295168825,0.05246260632744451,-0.09670810372870597,0.1673113808816442,0.2822574399445701,-0.05567256029236857,1
-0.8131155652537854,0.10867388112635987,-0.8487666723590525,-0.7729019169812348,-0.8010072270523593,-1.1072903491023869,-1.0242281577144279,-1.0966791419976765,-0.5993158808109769,0.09862619091827737,-1.117208321682397,-0.21234312724092863,-1.0512408753996432,-0.8428434629441117,-0.917815854403405,-1.0419472890961259,-0.8482245477435041,-1.1766087772817548,-0.6650395029690913,-0.5198602707684611,-0.8952960935600267,0.09709776702540299,-0.9142959526988116,-0.7858828252703701,-0.9473071729186237,-1.0938693603997316,-1.1445297108874999,-1.2740441286577373,-0.5724014961881858,-0.4256942889125092,1
-0.7385137724135922,-0.131603784957455,-0.7638856142909974,-0.7114073472385101,-0.041198534216220765,-0.9083987532095701,-0.7135279232738387,-0.6538130249950236,0.4106689315545698,-0.4982560905893005,-0.2907459340412622,-0.4411562601882879,-0.34638168784702367,-0.4302830290061135,0.4443054558830964,-0.890862446282178,-0.5595654907785266,-0.4509469588730568,1.315789874204013,-0.48855485798985704,-0.7074238195698784,-0.5294481844726396,-0.7533193697566919,-0.6613943862504592,-0.3248656933964366,-1.033260940670878,-0.8489787010310534,-0.7588940881124763,0.5789286174151126,-0.7289649386480509,1
-0.5864408870085823,0.7516391172210137,-0.5387843769634603,-0.597245179486466,-1.983098539895158,0.07799098227018293,-0.1107500596752262,-0.47269227137159686,-2.1481971831666216,0.5312289454054201,-1.182284100236817,0.43586841161720763,-0.5839153631331034,-0.8365111942947593,-0.6399800638846952,1.0835198475848526,0.3252086406902346,0.8097033228358648,0.45983356332851794,1.2218903325070594,-0.7631661426219003,0.45783634516063976,-0.5887852932688903,-0.6929149298429829,-1.9542497365995515,0.3904594104321857,0.05642011320746321,-0.07813898286839395,-1.1350007239302513,0.48674565552579335,1
1.5597953070092867,2.9208124915887903,1.5104274415912928,1.6836443164255057,-0.8692624995578767,0.18494212345782965,0.32005123798940277,0.47405178221142913,-1.3452057245721052,-1.3114397493404497,1.5066470696318193,0.22718492474834895,1.1427491801810186,2.0918274749733174,-0.4759843538041741,0.057727647614889285,-0.1659667144316318,-0.1184504470723289,-0.8424101288858048,-0.5332768762450056,2.4017590884429043,3.1000882113266264,2.163528879907237,2.8285318672408697,0.37703640053283854,0.92724210472083,0.5456173372247819,0.7099636911001026,-0.33260510403583,-0.44934624599760375,0
-0.770076069384443,-1.895864796109913,-0.7638856142909974,-0.7281785935319804,-0.1544572830990024,-0.6809868530000474,-0.6550558908562844,-0.564546367852049,-0.49225035299837555,-0.21624290253755524,-1.0894426561658446,-1.361579710236422,-0.9798048219432367,-0.8087600998913758,-0.3106687587330651,-0.5392234499667962,-0.5101785720734029,-0.7992015991951466,-0.8286782094599947,-0.550477652496986,-0.7115528805366947,-1.557869569507305,-0.6961030152303034,-0.6537798729106922,0.9950634014768532,-0.11045671651440898,-0.30946146708249817,-0.36824356942115005,0.1331532730293226,0.05260084325272987,1
0.988804661809345,-0.004790572302107998,0.9736795743962405,0.8850976069434249,-0.4582307486455334,0.31253295855888197,0.1861551973693726,0.6942428698307666,-1.0668353522593395,-1.0677584509268052,0.022485480067346228,-0.6828966887823904,0.1844034384095255,0.07338036679031104,-0.294170196350719,0.01757398634257858,-0.15130029614950413,0.30229158444802373,-0.5425965547556181,-0.3949826351790844,0.8574902868535546,0.0037487489991795135,0.9569456523300253,0.6362603522102908,0.2578454789222066,0.5156884421688344,0.32563668339612606,1.1742493189164398,-0.002116486646364922,-0.29219213114331055,0
0.1509691422194818,1.0408622338033842,0.11945990668194442,0.03506022901647876,-0.4537304010078067,-0.3205427438395747,-0.7054204565940938,-0.4781258939802997,-0.42801103631081344,-0.5543849289879489,-0.08597415085668729,-0.16063394465395475,-0.29007740926069353,-0.1300109349884305,-0.6973950609752598,-0.38449800853082555,-0.6278092329892431,-0.4610321611267281,0.019267815083777905,-0.31413898679477725,-0.032322351495389784,0.5211238150089266,-0.1280898791030453,-0.1345763121619314,-0.9164058228714226,-0.4897912592506649,-0.8438744271331812,-0.6657412392193894,-0.6262019687864708,-0.6185891389176116,1
-0.009711642359395723,-0.48089631806077904,-0.08109239718473366,-0.12264833262036559,-1.1505342269157763,-0.9294137142850375,-0.7571362667785274,-0.40205517745846053,-0.5850404771026304,-0.694022526955318,-1.0477941578910155,0.899404298379009,-0.9012134330831509,-0.7454374133978506,-0.5314195234088572,-0.6762812804429499,-0.6245167717422347,-0.3745200355444535,-0.3995557274034296,-0.812617482577165,-0.27800147902096817,-0.07536058831117938,-0.3201945305698842,-0.34565770520849454,-1.132715273201828,-0.8150219970133205,-0.8768037693592776,-0.5230547325815659,-0.6246648124265192,-0.953395731433279,1
-1.091437638542199,1.8395629942116216,-1.083021749282164,-0.9691549218539497,-0.4117271563890267,-0.49841937865692415,-0.34955180551498627,-0.5347908154710574,-0.7563453216027939,-0.19707695771850442,-0.7462763839222026,1.9225074109927054,-0.7839128526949634,-0.693203492281072,1.6724584396249464,0.1069828054422569,0.4745666554408814,0.8947972168512168,-0.25765922667005897,0.389372761911215,-1.1203299162515228,1.4387921278090894,-1.1161837114162765,-0.924537800736359,0.271088914656721,-0.5238341028295597,-0.3555354438597525,-0.3432549480514173,-1.0812002513319663,-0.07354292786777275,1
0.5928412998113962,0.48911351909240086,0.603365154393453,0.4678760763444597,0.3758336802130908,0.47389783824550663,0.19475402566607186,0.20909799405373067,1.2671931540553867,-0.5201600275253584,0.17910118712165032,0.12376655957440118,0.04129673033593646,0.15946420326768382,-0.6944253197464374,-0.312756800390964,-0.29916173760605624,-0.36254385786821886,-0.6101118252658508,-0.49302705981537187,0.6613598909297728,0.9277458087841713,0.6664170127659786,0.5229280606416663,0.3196481790166087,0.2938020509849665,0.09255656558178041,0.24715667993286172,0.846393824046586,-0.4225406946344971,0
-0.3798513068357397,0.46019120743416403,-0.4027250338837844,-0.4218826743828109,-0.6224934374225464,-0.696748073806648,-0.7041920525517082,-0.5021890798188408,-0.3958913779670334,0.021962411642074086,1.4715061492124326,1.0157499591997001,1.3750043293496301,0.4503983895996857,-0.7953965215263961,-0.39948870873915504,-0.3120322679352703,0.9515264795281181,1.493160500120727,0.7117153088733251,-0.5195515455797302,-0.3664829496133001,-0.5389803836293393,-0.531593496063269,-1.6942369483452475,-1.0175769163077442,-1.0246922007011705,-0.9870446370680842,-1.153446600249663,-0.8156887812933972,1
-1.2701950113862004,-0.18944840827392936,-1.2569447015980801,-1.064191984183615,-0.47473202331719666,-0.7611063921002671,-0.724337878846832,-0.8514933903783064,1.5455635263681524,0.19445591501353146,-0.062113032053399915,0.2807408638562864,-0.11999156769782147,-0.451876940529251,0.17141923407909032,-0.29294766082995727,-0.15100098149068522,-0.25980085990894175,-0.12377301226841057,0.03675684874561983,-1.0583940017492761,-0.03105935941737822,-1.0773477402092457,-0.8756632499973898,-0.39108287206900977,-0.625962633566244,-0.6821186321926439,-0.7228158418745187,0.37602397790158093,0.053126442299065095,1
1.0490599560264244,1.9330043087997726,1.065217970351986,0.9733673242774794,0.31357887122454264,0.5301879125547945,0.999358673428638,0.9025317364977072,-0.32808321035238486,-0.4859351260627679,-0.00961857068616774,-0.22342366636670877,0.05830531449222388,0.16734306287747733,-0.7482106331128859,-0.2790277249222229,0.14322532812832442,-0.0680244358039719,-0.9511211576734678,-0.4300722187331242,1.0866531705118672,2.0131259166822955,1.1318557516594001,0.9868821292507226,0.3461350504856375,0.7235929511685129,1.6315177310730127,1.2200864350384353,0.06551839319147926,0.34273151682988584,0
-0.8245927641522764,0.11534826073979942,-0.8221373208082902,-0.7752557761101428,0.72086033243878,-0.6633492963831372,-1.0249774841802832,-1.047026181111483,0.48204595009630463,-0.3326075675103623,-0.4091838510103069,1.4183428807697105,-0.47775833788179367,-0.5426297308494642,1.9496342876483626,-0.7667608638432233,-0.8646569225126634,-1.034470458019074,2.488724658491958,-0.63407342508161,-0.8849734411429854,-0.005744371478063352,-0.8985836895387151,-0.7855286618592181,0.4476680577835827,-0.9755704789630724,-1.19864404831804,-1.3938120772345632,0.5574084283757985,-0.9991228484644611,1
-0.23351702087997597,-1.2506747668107796,-0.24586150990507497,-0.3206667318397617,-0.9120158021162775,-0.3263593848515343,-0.4628106582229383,-0.5021890798188408,-0.6706928993527117,-0.926751856900933,-0.9050612835949876,-1.2321220781168911,-0.693004902894118,-0.6698587230668693,-0.8943878958204734,-0.24797556020496947,-0.11687911038532708,-0.4827783784862072,-0.6947919950583464,-0.41046333380586675,-0.4183895518927272,-1.3363634250383,-0.31515474804683435,-0.4533233821986877,-0.6912674153846744,0.06887612019584043,0.035641653092230864,-0.33645331146557284,-0.2972505077569566,-0.5796948094887897,1
-0.7643374699351975,-0.45197400640254226,-0.7505709385156165,-0.7437729102609968,1.0058823494947855,-0.15542519253233053,-0.8369825295335912,-0.7617092453678362,-0.5707650733942831,0.39843632773056936,-0.4668843746618926,1.311231002553836,-0.4906614017244943,-0.4912712385782182,-0.10476670020138486,-0.4289347270055161,-0.6167345906129426,-0.3170028664414839,0.2447001589908267,-0.09637715944470725,-0.7198110024703278,0.14930992965024015,-0.7281204571414431,-0.6670610008288904,0.39910879342369626,-0.473985653303321,-0.9107720345911359,-0.7461779849302455,-0.5308982744695083,-0.17182994953249756,1
0.6186649973330016,0.03748049858300793,0.7531552568664905,0.48553001981127064,0.5108441093448822,1.6165863467240487,1.660240048232089,1.1356600208044318,1.2350734957116067,0.42034026466662827,-0.33499746345826803,-0.39203253673066263,0.17384638617458847,-0.1486867503597927,0.7310504700882732,1.5707176043555553,1.4548221630728817,1.6732487658064759,0.8065645288302227,0.8768427608923356,0.23193755038086292,-0.43768135319262297,0.44110908820610617,0.10625480742139555,0.24018756460951995,1.1491284959046975,1.4047614924241725,0.9317561884645948,0.5973744937345243,0.3747930586563469,0
-0.05562043795336088,-0.6054847375116459,-0.11354691938722523,-0.15118887455837673,-2.063354739434612,-0.9372943246883377,-0.8132743315155493,-0.8967735787841631,0.028801882356288264,-1.0061536282941426,-1.0256683931825128,-1.148279332065155,-0.8103054832823057,-0.705751305733706,-1.2121502073044608,-0.6537952301304559,-0.6668997274309955,-1.055743931522912,-0.860719354786885,-0.5886633757763822,-0.23258180838598713,-0.6354546964685203,-0.17848770433354322,-0.2847415984903589,-1.696002739776516,-0.3438933581982588,-0.6337861271419948,-0.7727930846139844,-0.3848684202741633,-0.3810183699739977,1
-1.0483981426728566,-0.8635607492312993,-1.0434938055740013,-0.9450278657826413,0.7133597530425703,-0.4864108294709427,-1.004868510006431,-0.9285990826351367,-0.06041939082088027,0.2451087691781647,-0.8703542016992969,-0.5453133279706209,-0.9182220172394382,-0.769073992227231,-0.15459235859607037,-0.9262512064168413,-0.8790240261359721,-1.033682551593006,-0.6478746036868286,-0.3389081045976288,-0.9799418433797639,-0.9518920457099558,-1.0005651711816048,-0.8576009160286403,0.08126633579534492,-0.8624388148553522,-1.139741630947903,-1.0327338915251696,-0.48324642731102746,-0.0809013145164688,1
0.8396010761289585,1.031963060985465,0.8779803422606887,0.731214066391056,1.7934431860969031,0.8716810300311407,1.882581179903882,1.8694578169130578,1.5812520356390198,0.15201703719991866,0.9066483913600666,0.3693851768625269,0.7187075820777201,0.862725375845542,0.42450718102428064,0.2922250294451835,0.545803544239787,-0.06487281009969972,0.038721367603675526,0.016459932768283125,0.9524586890903322,0.9926154653786663,0.8561500018690295,0.8221961430650652,1.3747085591996053,0.6001876431950194,1.2651844451283722,1.0382165871995515,0.923251642044136,0.031051282352977667,0
0.2571332320305264,0.6159267317477478,0.24262065760422025,0.12627227026166854,-0.7980069952938751,-0.012073136624677757,-0.24390905786982497,-0.24034021886611517,0.496321353804651,-0.49004211423827815,-0.3180777610341188,0.25488627256279944,-0.27189581930052437,-0.283210982956636,-0.8356530137393209,0.14553032026367524,0.027989184483035633,0.06749546947973711,-0.1855666496845558,0.07184643229965973,0.10187212992614511,0.9071773810834782,0.0883243115926217,-0.02230651082676285,-1.0841560088419409,0.4700953480899574,0.14766465545261404,0.2412422133364751,0.3591152579421201,0.435236948984921,1
1.1839170430836967,-0.142727750979854,1.190043055746184,1.1246027733098263,1.4259147956825813,0.8510413361177349,1.0902605725651722,1.499453991653772,1.0245112910134886,0.05344932098765839,1.9166244745246659,0.7295026984503805,1.2336571299818637,1.7682106117414316,-1.0171371999451289,0.227443789259189,-0.1201715716323353,-0.3639620894351414,0.6932761935672894,0.45404768061866096,0.8946518355549025,-0.26680518460224806,0.8265042223216778,0.7814673507825908,-0.1880168574731187,-0.16699215317221638,-0.07412282099475773,0.26637869637111766,0.14083905482907758,-0.2291202455830596,0
-0.6581733801241528,-0.6143839103295656,-0.5287983701319245,-0.6437338972824015,0.9983817700985747,1.2544535353342976,0.9514509157755996,0.6753545626671803,3.1158579342863164,1.5059541390599964,-0.31330553727346133,0.4210943594495008,-0.28890440345681156,-0.3938068271089217,-0.5129411335406293,0.5872205942590927,0.42817288332394693,1.0870463848118272,4.073617025554205,0.28513605782421486,-0.5216160760631383,0.08918683329436698,-0.453304080737493,-0.5099895279829999,0.2755033932348933,0.9242025651155715,0.7755355154563749,1.0648316868832903,4.372630513774178,0.9865903485907846,0
-0.7069514754427407,2.213328252564223,-0.7002248207399563,-0.6934591713805855,-0.16645821013293893,-0.32654701843256545,-0.2069340961940185,-0.7213451917031869,-0.02116203062292552,-0.1436861114368631,-0.3402035257426216,2.2678508804128525,-0.3657362836110746,-0.44020455592214963,0.9501513785258303,-0.06326871835234028,0.31622920092566675,-0.3650651584316367,0.4655551964226057,-0.5773108634500751,-0.6496169660344483,2.0558449588298897,-0.6279177222713943,-0.6231447378460485,0.3682074433764952,-0.32869566017196644,0.06138887540893177,-0.682153884024362,-0.0697513664842091,-0.6322547141223325,1
-0.9451033525864349,-2.1428168418071674,-0.9540358277081595,-0.8626427962708569,0.01130552155725318,-0.8590511213984278,-0.7755623274143114,-0.80388450656872,-1.5129417181451823,0.17665896625298375,-0.9506143285830816,-1.461858589324732,-0.9663152551985952,-0.7801627576039774,0.27305037835434287,-0.8322916390396343,-0.6343941554832595,-0.9750623134935411,-0.9316676051535703,-0.580062987650392,-0.9634255995124981,-2.1828333342591404,-0.9949324730676081,-0.8246637187915088,0.5006418007216414,-0.7992163910659763,-0.7860109327688057,-1.0121811201027267,-1.2902535162853022,-0.3804927709276624,1
1.462239116372111,-0.7567706754162706,1.4396932265345803,1.4894509382905854,-0.6637466241017046,0.28814059302485706,0.37901463202391145,1.258045901467119,-0.22815538439395633,-1.4989922093554449,2.6380979394313364,-1.0422755077618586,2.461794206646188,2.3661285132402,0.8000144608464799,0.27776971138715173,0.3368819123841729,2.5856444071933073,1.2448416238373274,-0.1527957055512025,1.1898796946822783,-1.2667472082051845,1.1674306871162219,1.0895895184847886,-0.8766755156678788,-0.33781427898774186,-0.23628515102450595,0.9347134217627882,-0.7476373212225996,-1.141560190021362,0
2.6329134040182205,0.6003531793163894,2.5131889609246842,3.045940287281082,-0.8550113987050758,0.21308716061247357,0.5399355615764245,1.26710193914829,-0.014024328768751839,-0.9828806952995804,1.1812681768597193,-0.631372181847513,1.0729553348500465,1.7401968886843882,-0.6835362685740889,0.004189432585141679,-0.1186749983382407,0.7403675573418742,-0.1283503187436804,-0.02275783708623184,2.4244689237603954,0.3803091945964877,2.282111998096644,2.6974914051146475,-0.41756974353803855,0.6147774333002601,0.5243871714548703,1.776046295098763,1.013943867281245,0.4015986100194535,0
0.5670176022897909,0.06862760344572405,0.515987594617514,0.4911204352424277,-0.30821916072132033,-0.35469205558720934,0.11355651846438382,0.47431052614517677,-0.024730881550012854,-1.204658056777167,1.5422218285749023,-0.3360758141454731,1.3228055710768862,1.197431004454174,1.2665938050192302,-0.1783758806662975,0.08426034034099494,1.033468747839198,-0.5929469259835883,-0.6392336579572041,0.7232958054320197,-0.19877115451533944,0.6397358111733628,0.6079272793181346,0.7831684297246194,-0.32018494927724284,0.018928543869109013,0.5547089429449578,-0.42944595471274244,-1.070078719719744,0
-0.4228908027050821,-0.4875706976742186,-0.4609767404010765,-0.46454637109427066,-0.7470030553996427,-0.9164669971939013,-0.722126751570538,-0.6553654885975101,-0.02116203062292552,-0.6091447713280933,-0.9662325154361425,-0.9798551373532974,-0.9721802842180045,-0.7264697884113109,-1.020766883669245,-0.900659939632622,-0.5874017540486872,-0.7317568091237192,-0.5265759820921728,-0.7458784707194817,-0.3977442470586451,-0.5800781603512694,-0.46249427239717206,-0.4359693750522421,-0.4308131792725535,-0.6411603315925364,-0.4065781828384755,-0.23620310265682232,0.5235909884568768,-0.5744388190254353,1
0.26000253175514915,-0.8524367832089007,0.23929198866037504,0.09920289027922499,-0.9060153385993082,0.12114670590730349,-0.28739456097027516,-0.2651796365058995,0.2714837453981865,-0.4982560905893005,-0.6946495996023627,-1.2952811511338378,-0.29183691796651645,-0.5350426808548484,-0.9445435254628056,0.35914779823236803,0.12736165121092097,0.002887142542154782,-0.7748948583755718,-0.20715015850746016,0.029613563006857035,-1.029419196274108,0.20690742978202833,-0.1266076354110125,-0.82370177272982,0.6415253818265346,0.2777558840001558,0.3462239954223348,0.037849578712360915,-0.03202060320727401,1
-0.2995109145463004,-0.007015365506588117,-0.37817610042292527,-0.3636246609423347,-1.1392833578214594,-1.2243737036657054,-1.0779708345687977,-1.1354131088797152,0.05021498791880931,-1.0540684903417685,0.05242033820237953,0.029581977005270387,-0.10474249224735693,-0.15335570420263317,0.16811952160262122,-0.8977688760210155,-0.9426283911349951,-1.1605354861899662,0.139422110059616,-0.28076948086593556,-0.4204540823761354,-0.5642562928891973,-0.5034054481725176,-0.4526150553763838,-1.3313668092195474,-1.1870008539048509,-1.2506127838888548,-1.528514053967265,-0.7537859466624033,-1.1215874262606156,1
-0.6696505790226444,0.5024622783192799,-0.7064660750096664,-0.6557974253180557,-0.7064999266601053,-1.0035289787922663,-0.8829248407188126,-0.9547322199436596,-1.1060927124572943,-0.5242670157008686,0.06196478572369438,0.022194950921416975,-0.08128237616971964,-0.2843782214173462,-0.37105349705245216,-0.8353968555113597,-0.6137414440247532,-0.6439840332597355,0.3865966597241977,-0.7008124369392933,-0.6785203928021631,-0.015237491955306779,-0.7186338076862904,-0.6431549705761337,-1.0488401802165688,-1.0396439738419208,-1.0094697201384897,-1.143482278542506,-0.7630088848221096,-0.9775732875647088,1
-0.25647141867695855,-0.7834681938700278,-0.31742789219774914,-0.33390718943986986,-0.8010072270523593,-0.950053408198443,-1.0685244074828524,-1.1588553092772615,-0.6171601354464106,-0.5160530393498473,-0.8746925869362583,-1.153265574671756,-0.920568028847202,-0.6628552923026084,-1.1052395230668577,-0.9369588494227907,-0.9295782720104896,-1.4411877551554146,-0.8286782094599947,-0.4200957685069756,-0.38329253367478744,-0.8490499072064894,-0.45122887616917856,-0.429948597062659,-0.8590176013551928,-0.7451125860923757,-1.2083557198936377,-1.3231342014077452,-0.4279087983527916,-0.019931825141559483,1
-0.5720943883854686,-0.3607574850188716,-0.5670780629861454,-0.6019528977442824,0.5333458475335148,-0.1043888584919096,-0.49892573706907495,-0.3826493824273791,0.4713393973150446,-0.1505310917293814,-0.4677520517092848,0.8384613331872182,-0.5305435990564781,-0.4667592309033053,0.3842506888113563,-0.4846144706364535,-0.4117040493219746,-0.6332685058652098,-0.060835048233447486,-0.690835986713145,-0.5587776247644862,-0.0025799979856490633,-0.5600288871079592,-0.5670098371784641,0.4829838864089548,-0.485535903803303,-0.5348625887673015,-0.7662871713579594,0.18387943290770592,-0.7053129815629571,1
0.3919903190877991,0.030806118969568363,0.41612752630215577,0.2886885501563289,1.0058823494947855,0.35944135381662184,0.7143689355951796,0.8492304861456701,0.4499262917525235,-0.650214653083202,0.3574088203607614,-0.7610144896191402,0.18792245582117098,0.2945720550948824,-0.24467450920368047,-0.5633156467301825,-0.12136883026761107,-0.09481325429028649,-0.7680288986626669,-0.4627536936118867,0.6180047507782007,0.029063736938494383,0.5241172709386912,0.48928253658223086,0.9862344443205099,-0.10802508483020214,0.45346938367027295,0.5458372430503782,-0.14199771540190576,-0.21230107610032586,0
-0.2708179173000723,-0.8902582676850568,-0.2658335235681468,-0.32919947118205356,-0.1462066457631697,-0.3408071705909183,0.05508448604682939,-0.34202658482898196,0.06092154070006933,-0.08755727303821469,-0.5245848983134783,-0.7484565452765896,-0.559868744153525,-0.45012608283818584,0.5287780952807086,-0.277956960621628,-0.05132920010398107,-0.31448156587806625,0.8019872223549525,-0.11254588912156875,-0.30896943627209156,-0.8411389734754535,-0.2831373061356946,-0.35840758800996486,0.6860499010048453,-0.19191637793533572,0.10023556171132271,-0.25527725743016866,1.4136045208685053,0.11041673834962712,1
-1.2676126416340399,-1.3797127726706062,-1.1475147100691663,-1.1130345611084587,2.2284767910771204,2.200126783730332,0.37287261181198345,0.5778080996442778,0.8996015085654525,4.523221452001971,-0.5098343885078099,0.3546111246948201,-0.5786368370156351,-0.5995326058090834,4.879778966753046,1.2591251928824245,0.58980279908617,0.4677519339223198,0.6452144755769541,2.639922326720312,-1.1698786478533203,-1.2303569130424195,-1.1191482893710114,-0.9767769038812718,3.0168945902794184,0.6634100669843955,0.05687181886214212,-0.10327546590303655,-0.12508899544244495,2.7420911633511134,1
-0.39419780545885347,-1.2373260075839012,-0.41271104071532005,-0.46690023022317867,0.06605975114959153,-0.3605086965991689,-0.9282529498828411,-0.745408377541728,-0.5957470298838905,-0.23403985129810204,-0.916341085211087,-0.9323934947645391,-0.8408036341832343,-0.7247189307202457,-0.302749448789539,-0.7260718204206151,-0.7668708234765185,-0.5599932082408785,-0.7943484108954695,-0.8305062898792245,-0.5711648076649357,-1.3189593708300211,-0.5538032734030152,-0.5772805761018707,-0.10855624306603116,-0.6685161880398626,-1.0225691841241795,-0.7549018231599154,-0.8613868918589733,-0.7888832299302898,1
-0.9278875542386983,0.4757647598655225,-0.9648540017756564,-0.854110056928565,-1.6110698018431093,-1.1421901951741453,-1.0864713905421062,-1.2432317060724036,-0.5136634585608957,-0.442127252190652,-0.3280560470791297,0.19579006389197215,-0.3862638851790072,-0.5119897212558231,0.8570994866893981,-0.7667608638432233,-0.963340965525265,-1.8171767016751006,1.0709039777770668,-0.5429093109461147,-0.9510384166120486,-0.16554523284498857,-0.9824812456577203,-0.8276741077863004,-1.4196563807829783,-1.1166659074391703,-1.2589467532176817,-1.6927883636818992,-0.7245799758233346,-0.9623309152209808,1
-0.3167267128940375,-1.1372103133823113,-0.31701180857976824,-0.40158063939597843,-0.08770212647272749,-0.06554870721850099,-0.6272939594983699,-0.7003869330696191,-0.5457831169046757,1.3238776632790155,-0.9133042155452141,-1.0282401582025371,-1.0860204974847407,-0.6946625403569597,-0.5776154980794264,-0.12376690133595498,-0.031574432621931575,-0.6644696003375055,-0.4911018569088304,0.6518566075164339,-0.5257451370299547,-1.4091440153638304,-0.5881923776779434,-0.5377913557584282,-0.7972149012607913,-0.3627385037508612,-0.6039735539331831,-0.8277976239603785,-0.7645460411820604,0.8762145488603453,1
-1.5711845524991341,-1.6800598552753756,-1.5544444884542523,-1.254266108842946,0.12981467601738125,-0.9461131029967929,-0.8332973174064344,-1.0414373121425315,-0.4351487381649871,1.2540588642953314,-1.0239330390877281,-1.1420003598938797,-1.0132354873538703,-0.8723162340770427,1.0323142191899142,-0.7929945892077995,-0.3703986264049619,-0.9123449619785222,0.024989448177865206,-0.3502606169239358,-1.395531829689839,-1.648054214041114,-1.4028583996391668,-1.070984371247691,1.8117419384385887,-0.8101587336449068,-0.731354548552651,-1.0393876664461041,0.4467331704593268,0.3169771635594504,1
1.5368409092123037,-0.00256577909762867,1.4480148988941937,1.5247588252242072,0.5783493239107779,0.29376960045578604,0.6074977839076324,0.9796374287545373,-0.10324560194592038,-0.8541950658002408,0.8849564651752598,-1.0411674538492806,0.6002339958856506,0.9566880719327081,-0.769658764209936,-0.3941348872361803,-0.14052496843202264,0.17937818198140398,-0.804647350464827,-0.43213631188336177,1.9475623820930954,-0.19718896776913203,1.6565860496475242,1.9342692540821924,0.769924993990105,0.35824029061644586,0.6910665580314083,1.262966317862237,0.6911410316915352,0.27703163603795733,0
-0.9594498512095491,-0.9725756162508081,-0.9752560922251728,-0.8694101412664679,-1.339548827700284,-0.9710683692739105,-0.8099576406011081,-1.0394708582460486,-1.448702401457621,-0.7980662274015925,-0.6048450251972631,0.07575089002935442,-0.5674932818787572,-0.5974899385028408,-0.1433733361760749,-0.40430714809183227,-0.3593239840286615,-0.9328305290562922,-0.45448340510667007,-0.49749926164088676,-0.8911670325932103,-0.8063308650588957,-0.8724954035370455,-0.7764974948748434,-1.0885704874201125,-0.8198852603817338,-0.8183078870783518,-1.188136501345224,-0.9674506806955921,-0.8692998840196104,1
0.13949194332099077,0.48688872588792154,0.23762765418845214,-0.017607368992840773,0.72086033243878,1.5696779514663088,0.6640043698573698,1.029316264034106,1.595527439347367,0.8940129009088789,-0.5961682547233405,-0.3966494280330711,-0.3891963996887121,-0.5009009558790768,-0.83466309999638,0.27776971138715173,-0.16087836523170998,0.3133222744129769,-0.7028022813900688,-0.032734287312380365,0.27942175149925214,1.1698203809538699,0.450002822070312,0.030463837434877825,0.893530394178908,2.474975671718439,1.2430508680491028,2.3009552055280618,2.0515244102481693,2.274308012112583,0
0.6215342970576249,0.564756488044713,0.6574560247309388,0.5178955828337574,1.5534246454181628,0.4720215024351972,1.1234274817095833,0.8218036291684085,0.22865753427314636,0.3573664459754616,0.7751953186801381,0.47834381159936495,0.10991756986302621,0.5691649029769422,1.18080128063103,0.6530725987456822,0.7843573273184753,0.05173734095837569,2.2358284757332885,0.8190481526856818,0.30213158681674246,-0.09592901601187254,0.1920845400083525,0.16911881290086692,0.45649701493992606,-0.27702348688257256,0.2515569560287757,-0.14467673207774176,-0.2972505077569566,-0.24699061315846377,0
-0.5462706908638633,-1.34634087460341,-0.5250536175700985,-0.5737065881973848,0.8108672851933083,-0.15110962016861856,-0.7357620364410181,-0.4975316890113812,0.2679148944711001,0.2738576864067409,-0.8304410575192526,-0.7048730913818543,-0.4695472972546205,-0.6704423422972243,-0.06879983420786998,-0.0429241966410363,-0.6586386428475929,-0.5417137791560992,0.6795442741414794,0.11588041950472906,-0.6041972953994673,-1.2667472082051845,-0.4696092594885367,-0.5923325210758286,0.46091149351809707,0.008085328090671133,-0.8110805966034883,-0.4822449130664993,0.8294851040871252,0.4299809585215673,1
-0.9049331564417157,-0.16720047622913137,-0.8866302815952923,-0.826157979772781,0.34583136262824843,-0.535570827701054,-0.47914843198666685,-0.48459449232399354,-1.1382123708010743,0.4709931188312615,-0.053436261579477236,1.0065161765948836,0.14334823527365967,-0.36287500790010296,0.8373012118305824,-0.2153172490368233,-0.36770479447559157,0.002887142542154782,0.012401855370872746,-0.3801899676023815,-0.7982631608398401,-0.03738810640220736,-0.7251558791867078,-0.721248002735139,0.17838486451511912,-0.5639560256189715,-0.6211383688109837,-0.5266034125393978,-1.0427713423331912,-0.3631480023985935,1
-0.11587573217044032,-0.7278483637580335,-0.1605643682190397,-0.21091804995442023,-0.9577693364331624,-0.7393408967006757,-0.7724913173083474,-0.7177227766307184,0.2393640870544064,-0.8240771525131616,-0.9605926146280926,-1.2768135859242042,-0.8220355413211243,-0.7066267345792386,-0.907916716973997,-0.5081712852495426,-0.6134421293659343,-0.8188992598468483,-0.1432265647883082,-0.5604541027231345,-0.2945177228882339,-0.8870223891154615,-0.2389650946101408,-0.3702720622835551,-0.960550608653138,-0.2891816453036064,-0.6509509420197954,-0.6596789109580933,0.6050602755342793,-0.379441572834992,1
1.4851935141690928,1.5859365689009277,1.5062666054114864,1.5041625578462612,-0.13345566078961238,1.2901039157301797,0.9489941076908284,0.7214109828742804,0.17155591943975793,-0.013631485879019483,0.7109872171731102,-1.0928766364362545,0.44246471526353826,0.8741059508374659,-0.6488892875711619,0.41857521691538785,0.08336239636453807,-0.2976203683602092,-0.600957212315311,0.030908584819946665,1.6275601571648208,0.8043352425800113,1.6061882244170267,1.6527093422163912,0.8228987369281638,2.4427565519026992,1.4923923894318913,0.946542354955561,1.1415278451571786,1.4753974616827326,0
0.07062874993004303,-1.3062945969227737,0.03374668137792885,-0.028199735072927064,0.24532359871902518,-0.5047989204119766,-0.3833329166805902,-0.0522333790314992,0.9638408252530137,-1.1266252814424607,0.5643497961638172,-0.7126294687699004,0.5802928972196586,0.2939884358645272,0.03547108004855774,-0.5932970471468412,-0.256958370712587,0.20931862617199076,0.22639093308974653,-0.8060811876014125,0.10393666040955292,-1.4107262021100377,0.09425346750209213,-0.011504526786628293,-0.11297072164420222,-0.6362970682241228,-0.5217631247816115,-0.08553206611387705,0.20386246558706927,-1.2356424193154034,1
1.7836006855298658,1.7171993679652342,1.7143084144018166,1.8748953706492908,0.31582904504340603,0.10613601942482659,0.7794743498416161,1.1716254275953695,0.0323707332833756,-0.9568697701880123,0.025088511209522983,-0.3046809532890963,-0.10943451546288445,0.4121713300114288,-0.6396500926370482,-0.5129897246022199,-0.3296918328055873,-0.5273738822016604,-0.8996264598266802,-0.6584985273594219,1.6647217058661687,2.11122149494714,1.6328694260096435,1.7076046709449437,0.8802869584443936,0.22693217966928023,0.4521142667062362,0.8164240898350588,0.3406693816227076,-0.222813057027034,0
2.345983431555939,0.0730771898546843,2.542314814183331,2.52514895501016,2.761017928208076,3.2583801807449424,4.151443446190081,3.4736702061491225,2.680458121181735,1.0514474476367948,3.570850765378024,0.6408583854441396,4.267636641722337,3.8456032621903,-0.15393241610077643,3.282869721006882,2.1495314861916213,2.090839171622556,1.1944912526093572,0.42343029889013595,2.504985612613315,0.3470832729261374,2.9521066158667923,2.621346271716978,1.670478623937099,2.6901750757707377,3.08104117693781,2.6099860851892545,1.7302587310184112,0.7180092359133816,0
-0.25360211895233525,1.9396786884132113,-0.28372511914131554,-0.33067063313762113,-0.6809979567129897,-0.6449612054421033,-0.7195471030815281,-0.3958453230485144,-0.6314355391547579,-0.670749593960756,-0.6803329283203904,0.736889724534234,-0.7240895566969877,-0.5942800327358878,-0.6627480799723328,-0.6232784475634998,-0.5149676066145058,-0.38050812438257087,-0.3938340943093423,-0.8473630506061651,-0.3915506556084205,1.7963663324519124,-0.43699890198644964,-0.44287556156970515,-1.1062284017327986,-0.7238358088555665,-0.7792353479486213,-0.5161052343308118,-0.7015226304240696,-1.0406451731249597,1
-1.0340516440497423,-0.1627508898201719,-1.0335077987424657,-0.9311989434003061,0.82586844398573,-0.6823002880672641,-0.8043069820061344,-0.7826675040014043,-1.1524877745094217,0.4504581779537076,-1.0560370898412421,0.67410000282148,-1.0196870192752205,-0.8210161037288323,0.6247997283459633,-0.8565979886631395,-0.42218006238063716,-0.3675864589950544,-0.3171642108485693,-0.1682764041779847,-1.0749102456165418,-0.20193552800775372,-1.0809052337549276,-0.8930172571438354,0.39910879342369626,-0.9287007782499869,-0.8784750802815898,-0.7275474151516279,-1.1011832840113291,-0.30533210730169624,1
-0.05562043795336088,-0.022588917937946575,-0.12353292621876087,-0.14089074086940367,-1.1910373556553135,-0.935980889621121,-0.7185643798476197,-0.7076317632145561,-0.8063092345820077,-0.926751856900933,-0.26167875295362136,-0.5015451984237894,-0.4208675563935227,-0.2861290791084114,-1.0814815932362791,-0.7785392711497677,-0.5053895375323,-0.8283541369596653,-1.1513783159665318,-0.5466934817215504,0.029613563006857035,0.09551558027919613,-0.08362120978201783,-0.08711841506757,-1.1415442303581713,-0.703166939539809,-0.5032431929397739,-0.48771579466815673,-0.8813699245383363,-0.43095027937586367,1
-0.8762401591954876,-0.5587640802175714,-0.8645778498423173,-0.8167425432571487,0.8933736585516256,-0.47102487582640407,-0.7122995192314532,-0.6015467503779777,-0.32451435942529855,0.0945192027427662,-0.8469269214197056,0.34907085513193026,-0.8396306283793524,-0.7200499768774052,-0.6017033991576518,-0.8569727561683478,-0.6472646858124735,-0.6379959444216181,-0.40070005402224707,-0.5532297766973029,-0.7961986303564319,0.09867995377161042,-0.8090534353057128,-0.7230188197908988,0.20487173598414787,-0.6624371088293456,-0.7769768196752265,-0.5940283317382035,0.10548445855020509,-0.28483374449461446,1
-0.8446778622246363,-1.393061531897485,-0.8666582679322206,-0.7911443252302728,0.13131479189662384,-0.9759468423807154,-0.8430017093412806,-0.7811150403989178,0.08947234811676306,-0.22719487100558375,-0.7237167806900038,-0.769140218311379,-0.7886048759104909,-0.6634389115329635,0.6723155880071203,-0.8767818957293545,-0.6053606335778232,-0.5199675617966204,0.36599878058548224,-0.7524147656952341,-0.8829089106595772,-1.5056574068824682,-0.9181499040399672,-0.7772058216971472,0.08126633579534492,-1.0180024518524804,-0.9375130093481305,-0.8786620366893022,-0.1081802754829841,-0.867723086880604,1
1.8209015819499632,0.5425085559999158,1.7517559400200764,1.8896069902049666,-0.3217202036344995,0.1868184592681393,0.11724173059154055,0.771089818153849,-0.6671240484256253,-0.9774047110655663,0.8077332079573479,-0.5192740610250377,0.8471517176027855,0.998708656518273,-0.255233589128382,-0.33738437930464776,-0.252468650830303,0.4850858752958173,-0.7131012209594266,-0.6536823100088676,1.6605926448993524,0.08760464654816012,1.600259068507556,1.5942723793763192,0.019463635700944067,-0.11896742740913258,-0.038438074275119444,0.9169700219736286,-0.4924693654707333,-0.8871702515950153,0
0.2370481339581666,-0.9814747890687274,0.197683626862309,0.1062644676659493,-1.1107811561158596,-0.33123785795833943,-0.4060583914647238,-0.409817495470893,-0.42087333445664077,-0.8240771525131616,-0.6391182685692576,-1.4119961632587215,-0.5557632238399385,-0.43495198284895403,-1.224359143467397,-0.4101963517451045,-0.2719241036535336,-0.4936514871659466,-1.052966226748226,-0.4909629666651343,0.18858241022929007,-1.2018775516106903,0.1416867147778546,0.04764076287574755,-1.1371297517799996,0.1333143598273198,0.16437776467573564,0.003184932831919812,-0.371034013034605,-0.07879891833112718,1
0.7190904876948007,1.9441282748221707,0.6907427141693915,0.6099903212522879,-0.8430104716711393,-0.01582580824529679,0.049925189068809835,0.12862863065817964,-0.7670518743840539,-0.8528260697417368,0.2797517246191533,-0.22711717940863546,0.3820549163636215,0.30157548585914307,-0.3558748196606937,0.6396880449882454,0.45241737068828053,0.636363909100888,-0.8584307015492498,0.02953252271978821,0.5601978972427702,1.3137993748587224,0.5774796741239241,0.4326163907979187,-0.8104583369953057,0.31751045990598253,0.2782075896548347,0.40389004473710305,-1.0934975022115743,-0.31689528632107555,0
-0.8102462655291626,-0.8546615764133805,-0.7622212798190751,-0.7614268537278077,-0.9105156862370349,0.1549207504928761,0.15053148014019027,-0.5298746807298501,0.018095329575028237,1.3430436080980663,-0.26645097671427875,-0.2418912315763423,-0.11999156769782147,-0.4448735097649902,1.121406456054584,2.2126408025622286,1.8717674828076531,1.4085122066476021,-0.9717190368121832,2.9323355230039763,-0.8725862582425363,-1.0895422926299805,-0.8149825912151833,-0.7609143047841576,-0.9737940443876524,0.14425670240625008,0.1056560295674702,-0.469676671549178,-1.187264040168585,1.0549182246143907,1
0.17679283974108764,0.5002374851147998,0.1602361012440493,0.01799475033189466,1.343408422324264,0.6258810388805841,0.5018550362624711,0.8585452677605891,0.7925359807528504,0.6667595551972789,0.13311430360986018,-0.0886104403363842,-0.022632085975625785,0.05470455141894902,-1.0963302993803905,0.1706932813276565,-0.1935036630429735,0.1872572462420847,-0.28741171875931415,0.10383987612834278,0.3310350135844577,0.7726915076558679,0.2513760991030558,0.18735822857519233,0.2004572574059768,1.0445683334838065,0.36132143011576434,1.0189945707612955,1.1814939105159044,1.3229737382454585,0
-0.310988113444792,0.6403994569970252,-0.4031411175017647,-0.365978520071243,-2.496138170595966,-1.571683462154011,-1.0668783460660558,-1.1953123295423198,-1.4629778051659674,-1.4195904379622353,-0.9493128130119932,-0.10338449250409103,-0.9809778277471186,-0.6967052076632024,-1.1758533700632992,-1.2372546975246448,-0.9156002774436456,-1.5253361614594854,-0.5208543489980856,-0.9762656678385052,-0.4679382834945246,0.506884134293062,-0.5644757540400617,-0.4797085563295082,-2.251785592768313,-1.3547226493230127,-1.2229141931439407,-1.5558832481420433,-0.9751364624953471,-1.3560046009262163,1
-0.7241672737904779,-0.06708478202754183,-0.7281024231446607,-0.7093477205007155,-0.7747551991656229,-0.4864108294709427,-0.41269177329360596,-0.8737453686806131,0.8068113844611977,-0.00541750952799716,-0.45777376566427386,0.44694895074298774,-0.332892121102382,-0.5227866770173919,0.0978356458538263,-0.2618954961127038,0.36771132224252295,-0.4306189730805006,-0.2290510611996213,-0.16070806262711343,-0.6599396184514892,0.18411803806679788,-0.6163558682479271,-0.6360717023530946,-0.3248656933964366,-0.3858390047508255,-0.10258027723953236,-0.7074382287239139,0.16235924386839176,-0.07301732882143752,1
-0.4802767971975383,-0.9570020638194501,-0.5446095476151895,-0.5128004832368871,-1.2397911217306827,-1.2986766017539653,-0.9571204448789027,-0.9565434274798938,-0.9240813151758709,-0.7077124875403535,-1.2000714797083585,-0.9667431660544576,-1.1827348260148012,-0.8523564563988993,-1.2263389709532786,-1.0938793576749808,-0.768995957554133,-1.2243559067014804,-0.3984114007846121,-0.8415147866804918,-0.6331007221671825,-0.8617074011761466,-0.6928419794800947,-0.5955199917761963,-1.2607351519688026,-1.0906474484181576,-0.9769469130016042,-1.0936528974679502,-0.04361970836504159,-0.8619414973709143,1
-1.0110972462527599,0.19544081610107106,-0.8966162884268281,-0.9194296477557654,-0.37947466498532095,1.1794001029219139,1.7142898260970554,0.2939660043229934,1.3671209800138153,2.9831008861854014,-1.2165573436088115,0.06097683786164759,-0.2408111654976547,-0.904240205977465,0.5007305392307201,2.7341030169519698,3.6311390473453318,2.782621013710327,-0.5162770425228154,2.8876135047488276,-1.1182653857681146,-0.4740716483553882,-0.9104420013576556,-0.9346314579541897,-0.7928004226826196,0.6366621184581209,1.4648383444964745,0.47338502724464376,-0.5109152417901458,1.880108727361012,1
1.4565005169228653,1.2143961037528064,1.6935042335027837,1.3894119253119903,0.12081398074192884,2.6767160795489686,1.450182956984152,1.649525473227468,2.1130108237749434,2.0932534481580487,2.445039796386557,4.376846827353,4.8658696017020935,2.2756675325351643,-1.2679153481567909,3.084242943246519,1.6975663513750354,4.627897863561761,2.7645073736269765,3.107783440774175,0.9689749329575984,0.6524453149441227,1.318624162807715,0.8009463383959481,-1.2607351519688026,0.8093079680368015,0.3848101241590704,0.919927255271822,0.3790982906214826,0.9497984153473051,0
-0.7901611674568028,-0.1627508898201719,-0.7880184641338757,-0.7637807128567159,0.6833574354577268,-0.3406195370098874,-0.5580119715078221,-0.5720499419307338,0.4356508880441772,-0.08208128880420044,-0.6460596849483958,-0.3471563532712532,-0.7522416959901527,-0.5843585058198516,0.5264682965471802,-0.4792606491334788,-0.335079496664328,-0.07275187436038044,0.4186378050510878,-0.8907090067611555,-0.7838114474559825,-0.4408457266850373,-0.8321771433526473,-0.7102689369894284,0.708122293895703,-0.6065095800925898,-0.5253767700190433,-0.4297540220235695,0.20078815286716675,-0.8619414973709143,1
-0.26507931785082683,0.5491829356133545,-0.2612566037703596,-0.35097266812445366,0.10131247431178143,0.029206251202133424,-0.07193249193584138,0.115691433970792,-0.21031112975852262,-0.12862715479332346,-0.8595082386068935,-1.081611421658378,-0.84432265159488,-0.6923280634355394,-1.19829141490329,-0.6168538617599301,-0.5287360809201768,-0.7372721541061957,-1.093017658406839,-0.7176691976662342,-0.007547985694490911,0.6445343812130867,-0.05101085227993118,-0.24613778667479608,0.7964118654591339,0.8099158759578534,0.4250119274254983,0.6833485914163635,1.1738081287161495,0.6281317989900234,0
-1.4532563338171363,-0.44752441999358283,-1.3692872784528587,-1.177765687153432,0.8108672851933083,0.7159451577754445,2.7584332621248135,-0.11122699592598687,1.092319458628137,2.4300264785499395,-0.2798999709488589,-0.007353153413996671,-0.5211595526254231,-0.5995326058090834,0.8472003492599902,3.2496760276884387,8.129838369393871,3.417673593121196,2.4360856340263526,1.9790685031192303,-1.2297500318721586,-0.5009688230409104,-1.2368420341739976,-0.9827976818708551,0.7037078153175319,1.0901614275626834,4.396408043362955,0.8947907722371794,1.9961867812899337,1.7487089657771548,1
-0.704082175718118,-0.22504509954560575,-0.6877423122005366,-0.701109213549537,1.380911319305317,-0.027083823107154407,-0.21798973257548887,-0.34150909696148646,-0.014024328768751839,0.3409384932734169,-0.3727414150198316,0.8476951157920352,-0.3628037691013699,-0.5134487693317108,0.5142593603842444,-0.12108999058446772,-0.08185929530351208,0.3858096656112397,-0.5757820267013256,0.01164371541772876,-0.6454879050676315,0.5448566162020346,-0.6436299854314906,-0.6339467218861828,1.6130904024208692,0.0536784221695481,0.03880359267498352,0.10816671491777971,-0.1896495625603866,0.35429469584926515,1
-1.5769231519483797,0.36452509964153396,-1.5411298126788715,-1.262210383403011,2.1384698383225924,-0.2535575554115222,-0.7179501778264269,-1.0036606978153597,0.08233464626258938,0.6653905591387759,-0.14627770565044973,1.6048652893870095,-0.1645657882453328,-0.578522313516301,1.6328618899073155,0.33505560146898167,-0.0653969890684709,-0.3581315818822376,1.474851274219647,-0.26081658041363853,-1.3835575528860713,0.19361115854404076,-1.338823515816887,-1.0727551883034507,1.396780952090463,-0.53112899788218,-0.8523664934411457,-1.282028658562859,0.06551839319147926,-0.37365998332530237,1
-0.7672067696598203,0.23103750737274742,-0.5874661602671976,-0.778786564803505,3.5035752884329296,3.391600023276923,1.8788959677767259,1.4787544769539518,2.826781009192291,4.754581785889082,0.4498164259080378,-0.07752990121060409,0.39378497440244026,-0.32056261369936045,0.7023429715429906,2.6350573191469366,0.7310793180487056,1.1248658932630948,4.45696644285807,1.8583190538303287,-0.2800660095043763,0.10817307424885328,-0.24756237067887255,-0.5524891373212341,3.4230266194711993,3.7029496722428568,1.8438193887721257,2.114649507741888,5.70073360877184,4.665783672938779,0
-0.9451033525864349,0.587004420089511,-0.9532036604721978,-0.8558754512752462,-0.5834904245622505,-0.8577376863312111,-0.6425261696239513,-0.8799552230905591,0.7532786205548966,-0.4024263664940473,-0.3653661601169974,0.7812118810373544,-0.31295102243638995,-0.5257047731691673,-0.14469322116666247,-0.20782189893265876,-0.06809082099784128,-0.17045227119282197,-0.2565149000512411,-0.3839741383778171,-0.7239400634371442,0.9847045316476297,-0.697585304207671,-0.6909670310816471,-0.08648385017517345,-0.5323448137242834,-0.38850995665131693,-0.5860438018330818,0.05475829867182174,-0.39993993564207375,1
-0.23638632060459872,-0.5164930093324555,-0.29745587853467725,-0.3071320418485399,-0.8505110510673501,-0.9982752385233996,-0.6498965938782648,-0.6077566047879237,-1.1025238615302069,-0.8172321722206433,-0.4304419386714173,-0.5674744062221809,-0.42790559121681393,-0.39497406556963177,-0.3133085287142406,-0.7667608638432233,-0.2871891512532991,-0.3899630014953877,-0.6707611360631788,-0.4507131502355005,-0.23258180838598713,-0.3506610821512281,-0.24845174406529313,-0.3026268507535325,-0.20567477178580534,-0.7663893633291851,-0.45220045396105096,-0.2617831706861937,-0.6507964705456867,-0.4204382984491548,1
1.341728527937952,0.4646407938431235,1.2982247964211562,1.2981998840668005,-0.34722217358161517,0.6953054638620386,0.21563689438662692,0.33251885045140867,0.5284410121484321,-0.2573127842926631,1.0858237016465697,0.6131570376296895,0.9357136557958671,1.460059658113955,0.1869278827184958,0.728561481937626,0.20817660909203248,1.0444994378041512,0.11424692444563107,0.21977310806668987,1.7080768460177416,1.353354043513902,1.5972944905528208,1.7589583655619767,0.7743394725682762,1.3710148870885654,0.8342572505646401,1.3354185336679714,1.1522879396768353,0.7605827586665508,0
-1.0369209437743652,-0.9703508230463285,-1.0072945308096841,-0.9332585701381007,0.1778183841531295,-0.034589166348392736,-0.3082774296908302,-0.6693376610198888,0.4285131861900035,0.8816919363823472,-0.2790322939014667,-0.13108584031854112,-0.1229240822075261,-0.5090716251040478,0.1262131731514618,0.7125000174287021,0.611952083838771,0.17465074342499545,0.10623663811390846,0.3522190852069378,-0.854005483891862,-0.6718449916312854,-0.7651776815756327,-0.7779141485194512,0.019463635700944067,0.2579354836429165,0.06861616588379515,-0.31619626337294926,0.13930189846912674,0.6428485722874154,1
-0.5405320914146172,-0.2940136888844784,-0.5570920561546092,-0.5660565460284335,-0.26096551052519285,-0.5890463982948775,-0.5469563351263518,-0.7187577523657095,-0.392322527039946,-0.4859351260627679,-0.6039773481498709,-0.7744958122221728,-0.5276110845467734,-0.5732697404431053,-0.3789728069959785,-0.6147123331587402,-0.36471164788740223,-0.7003981333662097,-0.1489481978823955,-0.6351054716567288,-0.4080668994756863,-0.2810448653181126,-0.39638418400657816,-0.4517296468485039,0.2004572574059768,-0.24419645914578125,-0.16898100847734024,-0.3873177241944966,0.44365885773942426,-0.5008549525384755,1
0.16818494056721886,0.17541767726075314,0.12653332818761573,0.09920289027922499,0.21607133907380355,-0.5843555587691035,-0.17806660119795692,0.11750264150702629,-0.7813272780924012,-0.4777211497117456,0.3504674039816233,0.07759764655031756,0.24715924891720573,0.2096554570782197,-0.4169195004753746,-0.7357086991259697,-0.3653102772050401,-0.06960024865610825,-0.7531526526180393,-0.5921035310267782,0.5787786715934442,0.801170869087597,0.4796486016176637,0.45740782957855525,0.6242472009104444,-0.42596092754023734,0.05732352451682104,0.6863058247145565,0.15313630570868592,-0.10875806397224662,0
1.4134610210535226,1.1676754464587311,1.2607772708028964,1.251122701488638,-0.41247721432864853,0.32754364504135863,0.7168257436799508,0.8968393699552567,0.5284410121484321,-0.8788369948533059,0.6836553901802539,-0.9868728121329582,0.1650488426454746,0.5671222356706995,-1.0260464236315958,-0.37164883692368633,0.14711641869297046,0.07379872088828174,-0.11919570579314034,-0.1613960936771926,1.7122059069845579,0.7268080920158598,1.3541990982645375,1.3162541016220375,-0.3248656933964366,0.38559614706377204,1.3406192894597595,1.1993858019510824,1.578080251383262,0.4546841136993323,0
-0.3683741079372482,-1.3975111183064444,-0.4330991379963722,-0.4177634209072216,-0.6299940168187572,-1.22718820738117,-0.9735442069255982,-0.8991022741878929,-1.2095893893428091,-0.18886298136748209,-0.4469278025718705,-0.38427615934261655,-0.5839153631331034,-0.4793070443559393,0.5122795328983626,-1.0171055573223227,-0.7783645063751655,-0.6498145408126393,-1.147945336110079,-0.15657987632663822,-0.5443259113806287,-1.5293902080755761,-0.6083515077701422,-0.5471766861539548,-0.7089253296973604,-1.2323507848153072,-1.1343663336572234,-1.1028203206923493,-1.762160518790259,-0.5802204085351249,1
-0.7643374699351975,-0.8791343016626578,-0.775535955594456,-0.7384767272209535,0.045058128840201536,-0.6427096024697316,-0.6561614544944314,-0.4993428965476154,-0.2531373408835637,-0.5557539250464519,-0.9371653343485015,-0.37707380891085945,-0.9563447058655992,-0.7454374133978506,-0.6099526803488249,-0.5435065071691759,-0.5341237447789174,-0.46166248626758266,-0.6490189303056461,-0.7630792469714619,-0.8147794047071059,-0.6006465880519625,-0.8090534353057128,-0.7396645001150405,-0.5853199295085575,-0.5615243939347646,-0.6270105423218103,-0.43951289190760706,-0.3894798893540166,-0.871402280204952,1
-0.6208724837040565,0.48688872588792154,-0.6311549401551668,-0.6243145594689095,0.14181560305131885,-0.46258136468001076,-0.6776585252361793,-0.7236738871069167,-0.4173044835295534,-0.10535422179876147,-0.3475787806454557,-0.5083781975513538,-0.45371171890221523,-0.3917641598026789,0.2710705508684614,-0.01561970697586504,-0.4140985665925259,-0.6020674113929139,-0.9042037663019502,0.017147963818362425,-0.536067789446996,0.052796538131601824,-0.5834490529503668,-0.5253956363681098,0.7831684297246194,-0.10498554522494367,-0.580033154235198,-0.6212348780815812,-0.7553231030223546,0.06206162608676755,1
-0.6466961812256619,-0.08933271407233906,-0.673595469189194,-0.6555031929269421,-0.5309863687887766,-0.6406456330783911,-0.7586103516293902,-0.8828014063617845,-0.9704763772279983,-0.29290668181375756,-0.7362980978771916,-0.6145666975067465,-0.7798073323813769,-0.6155821346438478,-0.4832437212524062,-0.4332177842078959,-0.3512424882405504,-0.7539757703388389,-0.5174213691416327,-0.3041625365686287,-0.6124554173331,-0.13073712442843083,-0.6522272615002228,-0.590384622314493,-0.1880168574731187,-0.420489756250772,-0.5944877351849248,-0.6706206741614082,-0.6062189361071075,-0.22596665130504678,1
-1.248675263451529,-0.8168400919372244,-1.2565286179800996,-1.061838125054707,-0.4064767508116792,-1.055503480737842,-0.9509784246669747,-0.879178991289316,0.9852539308155347,0.056187313104664564,-0.5358646999295777,0.389699498593124,-0.6003374443874497,-0.6368842365518078,2.2499081230070628,-0.7865700034042298,-0.713503019809103,-0.32456676813173757,-0.3091539245168467,0.15647425145940247,-1.1389106906021969,-0.7810158771195809,-1.1600594651463567,-0.9287877616701826,0.6374906366449588,-0.9937469258025179,-1.0763221570309764,-0.9299700344129548,-0.1358490899621016,-0.13030762487199882,1
0.46085351247874634,0.21546395494138895,0.39532334540312275,0.3407676833834212,0.013555695376116544,-0.28432946270059956,-0.2765846053972818,0.09939056614468364,-0.6671240484256253,-0.9883566795335956,-0.09551859837800214,-0.0886104403363842,-0.21559154071419429,0.0806756071697494,-0.7772481029058154,-0.14625295164844898,-0.37848012219307314,-0.2780802889937211,-0.5963799058400409,-0.4734181748881145,0.7934898418678992,1.1081150978517897,0.6545587009470386,0.6893848638830834,0.4035232720018673,0.5928927481423992,0.051903056660673554,0.5857598925759865,0.7802961005686935,0.10936554025695594,0
-1.0283130446004969,0.8339564657867654,-1.0339238823604464,-0.9314931757914197,0.4283377359865658,-0.65997189192458,-0.7799845819668996,-0.7580868302953678,-0.392322527039946,0.39022235137954703,-0.45603841156948927,-0.10153773598312747,-0.28421238024128403,-0.515199627022776,1.0521124940487299,-0.585266314892379,-0.4063163854632337,0.1525893634950894,1.5972942224331195,-0.6313213008812931,-1.101749141900849,-0.2525655038863835,-1.1004714482561802,-0.9155066337519844,-0.7928004226826196,-1.0397047646340258,-1.0711275420021682,-1.2307206608392065,-1.079663094972015,-0.8650950916489272,1
1.4679777158213565,-0.1716500626380908,1.4064065370961276,1.4747393187349098,0.7133597530425703,0.4420001294702439,0.5387071575340391,1.0839112340548818,0.39996237877330976,-0.4243303034301043,1.455887962359372,-0.009199909934959819,1.210197013904226,1.8758883597419416,-0.17274077721665101,-0.12323151918565753,-0.08185929530351208,0.606423464910301,-0.24736028710070146,-0.4121834114310647,2.0384017233630574,0.36765170062683056,1.864106506478986,2.24062060472863,1.33056377341789,0.5710080629845383,0.493219481282022,1.3989990495791258,0.9340117365637935,-0.0677613383580831,0
0.15670774166872783,-0.5543144938086111,0.10448089643464066,0.04476989792322463,-0.7034996949016212,-0.678547616446645,-0.448684011735504,-0.5210773869824266,-1.4130138921867537,-1.253941914883297,-0.7441071913037219,-0.3545433793551066,-0.7639717540289714,-0.532124584703073,-1.1372467340886092,-0.6120354224072528,-0.4245745796511886,-0.8489972853226488,-0.9316676051535703,-0.8900209757110762,0.03993621542389829,-0.05953872084910738,-0.03618796250625535,-0.08623300653969011,-0.7972149012607913,-0.30498725125095055,-0.15814007276504505,-0.5353272507690677,-0.7291914449031875,-0.9602285190356391,1
-0.012580942084018483,1.737222506805552,-0.013270767453886188,-0.14824655064724157,0.2625749313303103,0.17743678021659132,-0.5383575068296526,-0.12959781522207717,-0.9562009735196509,-0.13684113114434482,-0.11894587865759343,0.5429802898330821,0.06710285802133777,-0.24440030413802397,0.09057627840559417,0.07593064072500347,-0.3434603071112582,0.7450949958982824,0.013546181989690206,0.5152824440757104,-0.19954932065145553,1.1634916339690413,-0.2081334838808949,-0.30634556657062784,-0.3601815220218087,-0.18705311456692222,-0.6599850551133747,-0.1431981154286451,-1.0443084986931421,-0.05357016410702622,1
0.435029814957141,0.00855818692477034,0.34539331124544337,0.31722909209434,-1.3042961045380943,-0.8815671511221429,-0.5694361291020081,-0.5065877266925525,-0.9205124642487835,-1.133470261734979,-0.7033263700762854,-0.36784002630604273,-0.7270220712066924,-0.4679264693640154,-1.3711963486702778,-0.8703573099257846,-0.570939447813646,-1.0018511319798558,-1.2074503202885896,-0.8466750195560858,0.33929313551809037,0.9261636220379645,0.25730525501252627,0.1928477614480476,-1.0532546587947405,-0.46486703448754557,-0.23809197364322174,-0.4259096187359181,-0.37871979483435997,-0.8377639412394845,0
-0.4687995982990467,1.0453118202123435,-0.3215887283775555,-0.5145658775835683,1.7109368127385856,2.560383259309774,1.7056909978003565,0.9672177199346453,0.8032425335341113,2.699718702075152,-0.4091838510103069,0.7405832375761606,-0.43083810572651854,-0.41656797709276927,0.05526935490737322,2.506030220925245,1.3542524377097207,0.4393873025838689,-0.3194528640862042,2.1583005916648648,-0.24290446080302838,2.3517138803706317,-0.28373022172664153,-0.2980227264085571,2.3414793678191725,4.868309156898952,3.732400730984877,1.574954430821623,2.2083143589631713,6.4791003827960045,0
0.6157956976083783,-0.12715419854849555,0.7115468950684245,0.4540471539621247,0.8108672851933083,1.4458397879858758,1.3064596840250373,1.0989183822122512,0.2536394907627528,0.5654538468680106,-0.45386921895100857,-0.5183506827645559,-0.18157437240161997,-0.2954669867940925,-0.7980362915075715,0.5058425074138764,0.19560539342163724,0.08798103655750707,-0.7783278382320244,0.0945514569522737,0.4714230864562167,-0.11491525696635883,0.5834088300333945,0.26793040461226125,0.18721382167146244,1.2974580286413107,1.0113258671987946,0.8681756725534403,-0.24498719151862244,1.1600380338814764,0
-1.1000455377160674,-0.6143839103295656,-1.0755322441585125,-0.9709203162006307,-0.5264860211510498,-0.42186487759629276,-0.5511329088704628,-0.6124139955953832,-0.4851126511442019,0.6065237286231203,-1.2039760264216237,-0.32314851849872983,-1.046842103635086,-0.9013804717487252,1.0851096188134222,0.2932957937457784,-0.18123176203139732,-0.08851000288174186,0.238978525896739,0.7168755417489192,-1.1223944467349312,-0.5974822145595482,-1.0714185842997752,-0.9248919641475111,0.61100376517593,-0.19799545714585265,-0.4535555709250879,-0.4606571099896887,-0.3664225439547516,0.5550735315493988,1
2.6386520034674663,1.6304324329905238,2.796125821151534,3.0429979633699467,1.3734107399091062,1.974966486493181,3.241196050782353,2.9484200206411857,1.4099471911388564,-0.05743935975113537,0.7027442852228836,0.6685597332585901,1.1104915205742667,1.31152856398859,0.7739467322823732,1.3838692339017362,1.7179197481747226,2.067201978840514,0.1222572107773533,0.4777847518463936,1.8278196140554188,1.0859644834048892,2.0686623853557125,1.959060692862829,0.9420896585387944,0.9697956591944484,2.305914273508707,2.3482709382991533,0.41291573054040426,0.17821901532689727,0
-0.6725198787472672,-0.396354176290548,-0.6577842917059291,-0.6705090448737315,0.8633713409667833,-0.11283236963830288,-0.43762837535403365,-0.09440864023238284,-0.7385010669673602,0.5558708744584852,0.20166079035384946,1.3093842460328728,0.22018011542792268,-0.22047191569346614,-0.13017448627019793,-0.38610415498171813,-0.44343140315678126,0.2565930117360753,-0.2668138396205987,-0.5119479136925501,-0.5711648076649357,0.3423367126875157,-0.5543961889939625,-0.5797597199799345,0.11658216442071702,-0.436295362198116,-0.6419168289262162,-0.1993855480943165,-0.6938368486243146,-0.35000802624020777,1
-1.12299993551305,-0.4030285559039868,-1.1059063482711002,-0.9935762103163713,0.7733643882122551,-0.3400566362667945,-0.8692895558483325,-0.7477370729454577,0.3749804222837024,0.8721089639728219,-0.6300076595716388,0.03512224656816065,-0.664266260699012,-0.6759867249855975,0.30274779064256596,-0.6082877473551704,-0.7079058356891891,-0.6157769832064984,0.6509361086710418,-0.015533511060400068,-1.0522004102990514,-0.47090727486297385,-1.0459232138890528,-0.8926630937326834,0.3682074433764952,-0.6879692415135167,-0.9620857969626662,-0.8684595818105355,0.19310237106741177,0.1966149819486374,1
0.25139463258128086,-0.5320665617638138,0.18811370364875363,0.10332214375481415,0.20707064379835113,-0.45582655576289627,-0.7668406587133737,-0.2649208925721516,-0.088970198237574,-0.8500880776247297,-0.5232833827423901,0.03512224656816065,-0.5164675294098956,-0.4066464501767331,-0.6274411564741119,-0.6243492118640948,-0.7455596197686105,-0.38744170093197006,-0.8218122497470897,-0.7224854150167885,-0.032322351495389784,-0.445592286923659,-0.07769205387254784,-0.15228448271952896,-0.4705434864760973,-0.5682113810663332,-0.9586528339871061,-0.4381821369234202,-0.8075864192606883,-1.048529158819991,1
-0.4200215029804588,0.31557964914297926,-0.3973159468500354,-0.5013254199834601,0.2655751630887944,0.3331726524722873,0.22177891459855492,0.31466551902281364,-0.24956848995647737,1.0938863254504074,-0.214824192394439,1.1173215678526842,-0.03670815562220831,-0.5175341039441963,1.9562337126013007,0.80619189373076,0.563463109110104,1.7993137939773682,0.08678308559401084,0.7172195572739589,-0.6062618258828755,-0.05479216061048623,-0.5401662148112335,-0.6238530646683523,-0.15711550742591765,-0.19556382546164583,-0.25796702244909625,-0.05891696643013801,-1.0812002513319663,0.03315367853831929,1
-0.4974925955452753,0.5469581424088752,-0.49592776431145214,-0.5434006519126927,-0.6052421048112613,-0.16311816935459975,-0.34758635904716934,-0.2742356741870709,0.4463574408254372,0.182134950486998,-0.40831617396291453,0.5614478550427157,-0.3346516298082049,-0.5038190520308522,0.04306041874443713,-0.02311505708002958,-0.15429344273769355,0.22034931613694392,-0.1260616655060455,0.22596538751740267,-0.5030353017124644,0.7410477727317244,-0.46723759712474866,-0.5400934179309157,-0.0820693715970024,-0.06607943827763543,-0.15949518972908192,0.08894469847952356,0.06551839319147926,0.44049293944827544,1
1.5224944105891893,0.9251729871704361,1.556196639569165,1.4835662904683151,0.5183446887410931,0.9880138502703352,1.4305284923059827,1.0559668892101242,0.6176622853256006,-0.37093945714846394,0.5743280822088281,1.115474811331721,0.7409946923514756,0.6476616894596989,1.197299843013376,0.3832399949957544,0.2084759237508513,0.6395155348051602,0.13484480358434614,0.04914140764704577,1.1114275363127653,0.7457943329703461,1.1170328618857244,0.9514657881355274,0.6198327223322734,0.2409140618534693,0.3030514006621778,0.6197680755052091,-0.014413737525973264,-0.425168689866174,0
0.8510782750274496,0.36897468605049344,0.8363719804626226,0.7880009178759647,1.2083979931924724,0.04609327349491972,0.7659619053753743,1.3271305317777689,-0.2781192973731711,-0.27374073699470675,1.8402688943541465,1.719364193686737,1.9368741094090483,1.4285442196747815,-0.1737306909595919,-0.39574103368707264,0.38417362847756403,0.9310409124503485,-0.27367979933350384,-0.025165945761508948,0.9751685244078225,1.1603272604766264,1.066635036655226,0.8540708500687408,0.5580300222378712,-0.3153216859088292,0.5117394131238595,1.008644254217619,-0.47094917643142,-0.43305267556120525,0
-0.43436800160357314,-0.2094715471142473,-0.49384734622154897,-0.4760214343476977,-0.889514063927645,-1.1442541645654858,-1.063623075353734,-1.1675749798445607,-0.38518482518577335,-0.5694438856314885,-0.5206803516002133,0.2807408638562864,-0.6173460285437369,-0.460047609754222,-0.19748862079017043,-0.9290887318134178,-0.9076684389849439,-1.3564090237104898,0.5754105518290862,-0.6161846177795506,-0.5711648076649357,-0.43293479295400183,-0.6421476964541232,-0.5588640787219692,-1.256320673390631,-1.1606784409233126,-1.2337460947431422,-1.563084111223144,-0.6523336269056375,-1.0469523616809846,1
-0.7844225680075573,-0.3941293830860679,-0.7992527218193539,-0.7384767272209535,-0.5407371220038497,-0.9384201261745236,-0.7446065455461943,-0.6998694452021235,-0.7277945141861001,-0.49004211423827815,-0.8690526861282085,0.6593259506537731,-0.8296600790463565,-0.7165482614952748,-0.5248200984559187,-0.8252781328707374,-0.6152380173188479,-0.8918593949007523,-0.8321111893164472,-0.7386541446936499,-0.6640686794183056,1.6618804590243021,-0.6566741284323258,-0.6346550487084869,0.5756879365505579,-0.5773299998821085,-0.4409078125940768,-0.40668760229766215,0.06705554955143009,-0.3563152147962327,1
2.1853026469770613,-0.4653227656294206,2.047175308786345,2.6340149397221606,-0.1462066457631697,-0.3287986214049369,0.3483045309642715,0.9470356931023206,-0.3138078066440385,-1.666009728492886,3.5361436834823334,-0.27143933591175595,2.908709417925183,5.424293280300761,-0.4664151876224132,-0.7624778066408435,-0.3359774406407849,0.06907128233187321,-0.9213686655842127,-0.6891159090879468,2.990150276214248,0.09867995377161042,2.7356924251711248,4.0078960263768675,0.17838486451511912,-0.5736825523557985,0.03338312481883604,0.9982939376739426,-0.6446478451058825,-1.013839621761853,0
-0.8647629602969961,-1.0304202395672821,-0.8941197867189445,-0.8182137052127162,0.36083252142066913,-0.8577376863312111,-0.7961995153263894,-0.5748961252019591,-0.852704296634136,0.5449189059904567,-0.8009400379079155,1.1210150808946109,-0.8191030268114197,-0.5583874500690511,2.6326747702774944,-0.22227721699069056,-0.5284367662613577,0.6773350432564279,1.1601614540448322,0.3367383865801556,-1.0150388615977035,-1.4233836960796948,-1.043848009320738,-0.8556530172673045,-0.4705434864760973,-1.0624405208813592,-1.0810650664051056,-1.056096034580896,-1.5792389119560897,-0.5833740028131377,1
1.8639410778193053,0.42236972295800757,1.9181893872123406,1.9690497358056156,0.9533782937213106,1.14937872995696,1.6012766541975807,1.657287791239901,0.15371166480432422,-0.06702233216066078,0.8610953463719727,0.03327549004719709,0.8401136827794945,1.0760382045403198,-0.10410675770609092,0.13642882370861817,0.2524751785972344,0.513450506634268,-1.0884403519315689,-0.0272300389117467,1.5676887731459825,0.7821846281331113,1.6595506276022591,1.558856038261124,0.6242472009104444,0.6232881441949839,1.080436832364676,1.431528615859251,-0.6907625359044125,0.3027859893083935,0
1.5339716094876814,-0.11603023252609654,1.514588277771099,1.518874177401937,0.983380611306153,0.7816169111362803,1.684808129079801,1.8461708628757605,0.06449039162715568,-0.21350491042054717,0.7548049080664196,0.3878527420721605,0.5028745141634547,0.8615581373848317,-0.5588071369635518,0.15891487402111215,0.310542222408107,0.03597921243701399,-0.40184438064106454,-0.20474204983218292,1.588334077980065,0.7236437185234456,1.3838448778118893,1.523439697145929,0.8449711298190216,0.7011003580896004,1.4223780129566521,1.3531619334571305,0.5174423630170726,0.3080419797717479,0
0.34034292404458794,0.6826705278821411,0.30045628050353207,0.1759975443598526,-0.3914755920192585,0.038587930253681395,-0.42620421775984757,-0.39895025025348746,-0.2781192973731711,0.0630322933971838,-0.8091829698581421,-1.297127907654801,-0.8384576225754706,-0.545256017386062,-1.2180896897621054,-0.6109646581066578,-0.4323567607804808,-0.870270758826487,-1.0255023878966059,-0.4235359237573717,0.31658330020060005,0.35024764641855166,0.1950491179630875,0.16540009708377137,-0.09531280733151677,0.44213158372157957,0.38074477326695966,0.11999564811055256,0.37756113426153176,0.7090740521256792,0
1.5597953070092867,-0.09823188689025875,1.5728399842883918,1.6659903729586947,1.440915954475003,1.1456260583363413,1.6123322905790511,1.504628870328727,-0.046143987112532904,0.3847463671455328,3.119658700734045,-0.06829611860578712,2.6178039785624776,2.765907686033422,-0.3053892187707145,0.3570062696311782,0.7241950808958701,0.913706971076851,-0.21074183529854112,0.3374264176302346,1.9950465832114845,0.06703621884746641,1.8937522860263374,2.0777054355987326,0.7610960368337617,0.9387923552208122,1.5059435590722603,1.2348726015294014,0.05936976775167509,0.7915931024003414,0
-0.12735293106893136,-1.3752631862616467,-0.15890003374711736,-0.24092975384799895,0.05030853441754903,-0.30084121783132384,-0.6088678988625859,-0.5800710038769141,-1.5878875876140033,0.09999518697678046,-0.7883587207207277,-1.411626811954529,-0.8108919861842465,-0.6074114654188769,-0.9399239279957486,-0.4503500130174152,-0.4688731491563904,-0.767842923437637,-0.797781390751922,-0.3684934397510349,-0.19129119871782282,-1.497746473151432,-0.22265991585909747,-0.3072309750985077,-0.05116802154980135,-0.05939245114606671,-0.464396506637383,-0.5016147911696649,-0.8444781718995125,0.15509265728813793,1
0.8482089753028274,-0.058185609209622936,0.9029453593395287,0.718562073573175,1.3734107399091062,1.0142825516146696,1.2597803304143846,1.5770771717780976,1.163696477169872,0.0739842618652123,-0.4165591059131411,-0.9584327617101224,-0.3639767749052517,-0.18195304649003155,-0.4782941525377026,-0.2827753999743053,-0.04893468283342962,0.36374828568133366,-1.0197807548025184,-0.5057556342418373,0.6861342567306717,-0.14655899189050228,0.7790709750459153,0.5477194994223029,1.6793075810934424,0.8281531135894042,1.0077122219613626,2.0673337749707965,0.27610881450476593,0.3353731301811898,0
-1.2021926079126397,-0.28511451606655946,-1.127542696406095,-1.0250590761655176,0.09006160521746566,0.49266119634860256,0.5190526928558696,-0.28173924826575564,-0.4851126511442019,2.5258562026451914,0.16999057812403157,1.9631360544538994,0.2102095660949268,-0.3132673733199221,1.9397351502189546,3.3578232220485296,2.619455500537344,2.059322914579833,2.073334095861203,4.8553823079753675,-1.0336196359483776,-0.22566832920086116,-1.0124234830005456,-0.866809164718591,-0.09531280733151677,0.22997171927453872,0.3156991589931889,-0.22747926442715238,-0.4847835836709783,1.6803810897535494,1
